# 3ds Max Wavefront OBJ Exporter v0.97b - (c)2007 guruware
# File Created: 05.03.2018 16:17:07

mtllib LSSJ Broly.mtl

#
# object XBRL_BODY_01
#

v  52.5633 36.9671 -6.7756
v  52.0174 40.8917 -8.5155
v  67.1876 41.4420 -5.6966
v  52.2772 46.0703 -6.7682
v  67.1876 45.3724 -4.1594
v  54.2434 50.5640 1.0379
v  67.1876 45.3119 3.9358
v  67.1876 40.5311 6.0371
v  67.1876 37.0497 1.8447
v  53.6648 32.6301 -3.7398
v  67.1876 37.9677 -4.0497
v  54.5778 34.7277 4.1305
v  64.6097 41.5277 -0.1839
v  54.7298 41.8215 8.5201
# 14 vertices

vn 0.1875 -0.4490 -0.8736
vn 0.1824 -0.3772 -0.9080
vn 0.8115 -0.0161 -0.5841
vn 0.1630 0.3081 -0.9373
vn 0.1654 0.3166 -0.9340
vn 0.7981 0.4699 -0.3772
vn 0.1304 0.8447 -0.5191
vn 0.2337 0.9680 0.0909
vn 0.7655 0.4625 0.4474
vn 0.7596 -0.0838 0.6449
vn 0.8490 -0.5021 0.1647
vn 0.2639 -0.8672 -0.4223
vn 0.8310 -0.4181 -0.3670
vn 0.2266 -0.9224 0.3128
vn 0.9999 -0.0073 0.0101
vn 0.2133 0.6421 0.7364
vn 0.1138 -0.5245 0.8437
# 17 vertex normals

vt 0.9062 -0.8419 0.0000
vt 0.8594 -0.8419 0.0000
vt 0.8632 -0.9965 0.0000
vt 0.8087 -0.8419 0.0000
vt 0.7974 -0.9965 0.0000
vt 0.7618 -0.8419 0.0000
vt 0.7203 -0.9965 0.0000
vt 0.6623 -0.9965 0.0000
vt 0.9914 -0.9965 0.0000
vt 0.9613 -0.8419 0.0000
vt 0.9365 -0.9965 0.0000
vt 0.9914 -0.8419 0.0000
vt 0.7051 -0.4297 0.0000
vt 0.7562 -0.4952 0.0000
vt 0.8061 -0.4297 0.0000
vt 0.7562 -0.4297 0.0000
vt 0.6632 -0.8419 0.0000
vt 0.5982 -0.8419 0.0000
vt 0.5982 -0.9965 0.0000
# 19 texture coords

g XBRL_BODY_01
usemtl Material__33
s 1
f 1/1/1 2/2/2 3/3/3 
s 2
f 2/2/4 4/4/5 3/3/3 
s 3
f 3/3/3 4/4/5 5/5/6 
s 4
f 4/4/7 6/6/8 5/5/6 
s 5
f 5/5/6 6/6/8 7/7/9 
s 6
f 6/6/8 8/8/10 7/7/9 
s 7
f 9/9/11 10/10/12 11/11/13 
s 8
f 10/10/12 1/1/1 11/11/13 
s 9
f 9/9/11 12/12/14 10/10/12 
s 10
f 7/13/9 13/14/15 5/15/6 
s 11
f 11/13/13 13/14/15 9/16/11 
s 12
f 8/15/10 9/16/11 13/14/15 
s 13
f 14/17/16 8/8/10 6/6/8 
s 14
f 8/8/10 12/18/14 9/19/11 
s 15
f 1/1/1 3/3/3 11/11/13 
s 16
f 14/17/17 12/18/17 8/8/10 
s 17
f 13/14/15 7/15/9 8/13/10 
s 18
f 3/15/3 5/13/6 13/14/15 
s 19
f 3/15/3 13/14/15 11/15/13 
# 0 polygons - 19 triangles

#
# object XBRL_BODY_02
#

v  -54.5778 34.7276 4.1305
v  -67.1876 37.0497 1.8446
v  -53.6648 32.6301 -3.7399
v  -67.1876 37.9677 -4.0497
v  -52.5633 36.9671 -6.7756
v  -67.1876 41.4419 -5.6966
v  -52.0174 40.8916 -8.5156
v  -52.2772 46.0703 -6.7683
v  -67.1876 45.3723 -4.1594
v  -67.1876 45.3118 3.9357
v  -54.2434 50.5639 1.0379
v  -67.1876 40.5311 6.0370
v  -54.7298 41.8215 8.5201
v  -64.6097 41.5277 -0.1839
# 14 vertices

vn -0.1958 -0.8208 0.5366
vn -0.8490 -0.5021 0.1647
vn -0.2639 -0.8672 -0.4223
vn -0.8080 -0.4678 -0.3583
vn -0.1875 -0.4490 -0.8736
vn -0.7008 -0.0206 -0.7130
vn -0.1838 -0.0334 -0.9824
vn -0.1594 0.5768 -0.8012
vn -0.7759 0.5111 -0.3698
vn -0.4201 0.5951 0.6851
vn -0.2337 0.9680 0.0909
vn -0.4878 -0.0235 0.8726
vn -0.2054 0.1122 0.9722
vn -0.9989 -0.0077 0.0452
vn -0.8991 -0.1762 -0.4008
# 15 vertex normals

vt 0.9914 -0.8419 0.0000
vt 0.9914 -0.9965 0.0000
vt 0.9613 -0.8419 0.0000
vt 0.9365 -0.9965 0.0000
vt 0.9062 -0.8419 0.0000
vt 0.8632 -0.9965 0.0000
vt 0.8594 -0.8419 0.0000
vt 0.8087 -0.8419 0.0000
vt 0.7974 -0.9965 0.0000
vt 0.7203 -0.9965 0.0000
vt 0.7618 -0.8419 0.0000
vt 0.6623 -0.9965 0.0000
vt 0.6632 -0.8419 0.0000
vt 0.5982 -0.8419 0.0000
vt 0.5982 -0.9965 0.0000
vt 0.7562 -0.4952 0.0000
vt 0.7562 -0.4297 0.0000
vt 0.8061 -0.4297 0.0000
vt 0.7051 -0.4297 0.0000
# 19 texture coords

g XBRL_BODY_02
usemtl Material__34
s 1
f 15/20/18 16/21/19 17/22/20 
s 2
f 16/21/19 18/23/21 17/22/20 
s 3
f 17/22/20 18/23/21 19/24/22 
s 4
f 18/23/21 20/25/23 19/24/22 
s 5
f 19/24/22 20/25/23 21/26/24 
s 6
f 20/25/23 22/27/25 21/26/24 
s 7
f 23/28/26 24/29/27 25/30/28 
s 8
f 24/29/27 26/31/29 25/30/28 
s 9
f 25/30/28 26/31/29 27/32/30 
s 10
f 26/31/29 15/33/18 27/32/30 
s 11
f 16/34/19 15/33/18 26/31/29 
s 12
f 28/35/31 16/36/19 26/37/29 
s 13
f 23/37/26 28/35/31 24/38/27 
s 14
f 16/36/19 28/35/31 18/38/21 
s 15
f 22/27/25 23/28/26 25/30/28 
s 16
f 26/38/32 24/37/32 28/35/31 
s 17
f 22/27/25 20/25/23 23/28/26 
s 18
f 18/37/21 28/35/31 23/38/26 
s 19
f 18/37/21 23/38/26 20/37/23 
# 0 polygons - 19 triangles

#
# object XBRL_BODY_03
#

v  31.3832 48.3384 3.0178
v  27.2334 50.5107 6.8576
v  26.4771 44.4986 6.4750
v  22.6005 51.2961 8.3414
v  19.8391 40.7301 7.1423
v  17.4951 50.5175 8.9917
v  9.4351 47.9266 5.6510
v  14.6985 50.7036 5.1726
v  10.9729 48.5887 1.3646
v  14.8289 52.4339 0.6589
v  13.4026 50.1828 -2.2422
v  14.6985 53.2805 -2.7362
v  13.2880 50.1920 -8.5021
v  17.4951 52.6646 -9.6608
v  17.4868 48.8105 -13.3511
v  22.6005 52.9309 -10.0210
v  21.1156 45.4150 -14.3721
v  27.1314 51.3150 -8.1711
v  31.1073 49.8571 -4.5190
v  27.4550 54.8142 -2.7309
v  27.4667 53.6582 4.5083
v  22.6005 55.4515 4.5356
v  -19.8391 40.7301 7.1423
v  -17.4951 50.5175 8.9917
v  -22.6005 51.2961 8.3413
v  -22.6005 55.4515 4.5356
v  -27.2334 50.5107 6.8576
v  -27.4667 53.6582 4.5083
v  -31.3832 48.3384 3.0177
v  -27.4550 54.8142 -2.7309
v  -31.1073 49.8571 -4.5190
v  -27.1314 51.3150 -8.1711
v  -21.1156 45.4150 -14.3721
v  -22.6005 52.9308 -10.0210
v  -17.4868 48.8105 -13.3511
v  -17.4951 52.6646 -9.6609
v  -13.2880 50.1920 -8.5021
v  -17.4951 55.8965 -2.7951
v  -14.6985 53.2805 -2.7362
v  -17.4951 54.7467 4.4792
v  -14.8289 52.4339 0.6589
v  -14.6985 50.7036 5.1726
v  -9.4351 47.9266 5.6510
v  -10.9729 48.5887 1.3646
v  -9.0088 47.3230 3.8130
v  -6.6830 49.8063 0.5213
v  9.0088 47.3230 3.8131
v  1.6768 46.9087 5.0267
v  0.0000 45.2977 9.4060
v  -0.0000 41.7346 12.9453
v  -12.3178 43.5449 10.9526
v  -13.8968 37.6574 13.1860
v  -14.6987 35.9115 10.3464
v  -9.0175 36.4940 14.6973
v  -9.4084 34.6716 12.3471
v  -0.0000 36.4025 12.7967
v  -7.9043 27.7602 11.3179
v  -0.0000 27.9571 13.3687
v  -0.0000 24.3060 13.3687
v  7.9043 27.7602 11.3179
v  12.1272 26.4937 9.7122
v  13.2881 30.3206 11.5076
v  14.3014 25.4317 -2.3935
v  17.6225 30.8516 0.1255
v  -20.2312 33.4067 0.7596
v  -23.5482 37.5003 3.9600
v  -27.9399 35.0891 1.4664
v  -30.2191 37.8683 9.2466
v  -35.2155 37.8238 9.6666
v  -35.1165 46.2237 9.6949
v  -45.2734 41.1494 6.2602
v  -39.7486 47.3062 4.2683
v  -55.2596 41.5742 8.2746
v  -46.5050 50.3806 2.2486
v  -54.7299 49.9748 1.0379
v  -44.0917 48.2584 -4.3227
v  -50.6604 43.4473 -7.7791
v  -49.0427 40.6478 -7.6483
v  -50.6672 37.9584 -7.8337
v  -44.0711 34.6488 -3.4600
v  -54.2620 33.2336 -3.7399
v  -39.7486 35.6103 4.0543
v  -55.5343 35.2891 3.2645
v  55.5343 35.2891 3.2646
v  39.7486 35.6103 4.0543
v  54.2620 33.2337 -3.7398
v  44.0711 34.6489 -3.4599
v  50.6672 37.9585 -7.8336
v  49.0427 40.6478 -7.6483
v  50.6604 43.4473 -7.7790
v  44.0917 48.2584 -4.3226
v  54.7299 49.9748 1.0379
v  46.5050 50.3806 2.2486
v  55.2596 41.5742 8.2747
v  39.7486 47.3062 4.2683
v  45.2734 41.1494 6.2603
v  35.1165 46.2237 9.6950
v  35.2155 37.8238 9.6666
v  30.2191 37.8683 9.2467
v  27.9400 35.0891 1.4665
v  23.5482 37.5003 3.9600
v  20.2312 33.4067 0.7596
v  -30.1197 45.5572 9.2874
v  -35.2097 49.0292 3.3147
v  -35.2096 50.2121 -4.2797
v  -35.1809 40.5930 -10.8660
v  -35.2695 32.5849 -3.5914
v  -13.4026 50.1828 -2.2422
v  -6.6438 54.4565 -4.9424
v  -4.7461 54.8639 -6.9863
v  -5.0735 46.4379 -14.3329
v  0.0000 55.0659 -7.3656
v  0.0000 46.4379 -12.6691
v  5.0735 46.4379 -14.3329
v  0.0000 36.4405 -14.3937
v  5.0733 36.4405 -16.0611
v  0.0000 28.0548 -9.6121
v  4.7106 28.1254 -11.3500
v  0.0000 21.7101 -8.8717
v  10.5675 21.7101 -7.6678
v  27.9398 32.7495 -3.1450
v  23.3058 31.3715 -8.1610
v  29.4967 34.3250 -10.2876
v  23.6095 40.9360 -13.0464
v  29.7836 40.7006 -11.3903
v  35.2096 50.2121 -4.2797
v  35.2097 49.0292 3.3147
v  5.5876 58.3410 0.3058
v  6.6438 54.4565 -4.9424
v  4.7461 54.8639 -6.9863
v  8.4800 46.4380 -12.6378
v  18.1966 36.1917 -13.5496
v  9.4084 34.6716 12.3472
v  -0.0000 38.0658 13.7876
v  9.0175 36.4940 14.6974
v  13.8968 37.6574 13.1860
v  12.3178 43.5449 10.9526
v  6.6830 49.8063 0.5213
v  4.5456 56.4241 2.5974
v  0.0000 45.4689 3.7945
v  -1.6768 46.9087 5.0267
v  -29.7836 40.7006 -11.3904
v  -29.4967 34.3250 -10.2877
v  -27.9398 32.7495 -3.1450
v  -35.2696 34.9245 2.9121
v  -18.0749 37.4266 5.9708
v  -17.6225 30.8516 0.1254
v  -23.3058 31.3715 -8.1610
v  -14.3014 25.4317 -2.3935
v  -11.2156 24.3594 -7.5594
v  -12.8076 21.7101 -3.3783
v  -10.5675 21.7101 -7.6678
v  -13.2881 30.3206 11.5076
v  -12.1272 26.4937 9.7122
v  -10.9017 20.2724 8.3349
v  12.8076 21.7101 -3.3783
v  11.2156 24.3594 -7.5594
v  18.0749 37.4266 5.9708
v  -4.7106 28.1254 -11.3500
v  -14.5213 28.1501 -10.4407
v  -18.1966 36.1917 -13.5496
v  -23.6095 40.9360 -13.0464
v  3.9502 54.3842 3.1733
v  0.0000 51.1743 6.6348
v  -4.5456 56.4241 2.5974
v  17.4951 55.8965 -2.7950
v  17.4951 54.7467 4.4793
v  0.0000 18.5477 10.0192
v  35.1809 40.5930 -10.8660
v  35.2695 32.5849 -3.5914
v  35.2696 34.9245 2.9121
v  -5.5875 58.3410 0.3057
v  0.0000 58.9579 -1.9117
v  14.5213 28.1501 -10.4407
v  -5.0733 36.4405 -16.0611
v  54.0436 46.0703 -6.1132
v  52.4176 40.8917 -8.2782
v  52.9636 36.9671 -6.6452
v  -52.9636 36.9671 -6.6453
v  -52.4176 40.8916 -8.2783
v  -54.0436 46.0703 -6.1133
v  14.6987 35.9115 10.3464
v  -22.6005 56.6016 -2.8927
v  -8.4800 46.4379 -12.6378
v  22.6005 56.6016 -2.8927
v  30.1197 45.5572 9.2875
v  10.9018 20.2724 8.3349
v  -26.4771 44.4986 6.4749
v  -3.9502 54.3842 3.1733
# 189 vertices

vn 0.2660 0.8653 0.4249
vn 0.5059 0.2261 0.8325
vn -0.1198 0.5587 0.8207
vn 0.1909 0.3223 0.9272
vn 0.2404 -0.2190 0.9457
vn -0.2423 0.2970 0.9236
vn -0.2270 0.9085 0.3508
vn -0.6011 0.7399 0.3022
vn -0.2718 0.9213 0.2781
vn -0.7571 0.6417 0.1225
vn -0.4643 0.8697 0.1673
vn -0.7819 0.6232 -0.0175
vn -0.1709 0.8702 -0.4622
vn -0.3282 0.7739 -0.5417
vn -0.1230 0.4989 -0.8579
vn 0.2231 0.7001 -0.6783
vn 0.3029 0.1715 -0.9375
vn 0.6143 0.4313 -0.6608
vn 0.4410 0.7781 -0.4473
vn 0.5744 0.8064 -0.1403
vn 0.5500 0.7008 0.4542
vn 0.1114 0.8859 0.4503
vn -0.2404 -0.2190 0.9457
vn 0.2572 0.3138 0.9140
vn -0.1909 0.3223 0.9272
vn -0.1114 0.8859 0.4503
vn -0.5059 0.2261 0.8325
vn -0.5500 0.7008 0.4542
vn -0.2660 0.8653 0.4249
vn -0.5540 0.8286 -0.0803
vn -0.4410 0.7781 -0.4473
vn -0.6380 0.6298 -0.4431
vn -0.6143 0.4313 -0.6608
vn -0.3029 0.1715 -0.9375
vn -0.2231 0.7001 -0.6783
vn 0.1230 0.4989 -0.8579
vn 0.3170 0.7700 -0.5537
vn 0.1805 0.8637 -0.4706
vn 0.3988 0.9100 -0.1137
vn 0.8002 0.5997 -0.0042
vn 0.4886 0.7697 0.4109
vn 0.7742 0.6110 0.1654
vn 0.4566 0.8459 0.2756
vn 0.2270 0.9085 0.3508
vn 0.2718 0.9213 0.2781
vn 0.2334 0.9650 0.1197
vn -0.4852 0.5843 0.6505
vn -0.2334 0.9650 0.1197
vn -0.4147 0.7798 0.4689
vn -0.0000 0.8337 0.5523
vn -0.0000 0.5123 0.8588
vn -0.2956 0.6408 0.7085
vn -0.4885 -0.1535 0.8590
vn -0.7124 -0.3924 0.5819
vn -0.0872 -0.7001 0.7087
vn -0.1636 -0.4282 0.8887
vn 0.0327 -0.3285 0.9439
vn -0.2051 -0.1584 0.9658
vn -0.0000 0.0341 0.9994
vn -0.0000 -0.2488 0.9685
vn 0.2055 -0.1116 0.9723
vn 0.6927 -0.3751 0.6160
vn 0.1900 -0.4636 0.8654
vn 0.5855 -0.2659 0.7658
vn 0.8165 -0.5754 0.0477
vn 0.6968 -0.5915 0.4057
vn -0.3458 -0.7560 0.5557
vn 0.0412 -0.7770 0.6282
vn 0.0512 -0.8771 0.4776
vn 0.1629 -0.5707 0.8048
vn -0.1155 -0.5260 0.8426
vn -0.1223 0.5510 0.8255
vn 0.0030 -0.0421 0.9991
vn -0.2031 0.8445 0.4955
vn 0.0075 -0.0235 0.9997
vn 0.1042 0.9474 0.3028
vn -0.1003 0.9845 0.1436
vn -0.0649 0.8330 -0.5494
vn 0.0804 0.3859 -0.9191
vn 0.1330 -0.0398 -0.9903
vn 0.0870 -0.3751 -0.9229
vn -0.0140 -0.9231 -0.3844
vn 0.0546 -0.9770 -0.2063
vn -0.1410 -0.8679 0.4764
vn -0.0113 -0.8272 0.5617
vn 0.0113 -0.8272 0.5617
vn 0.1410 -0.8679 0.4764
vn -0.0546 -0.9770 -0.2063
vn 0.0140 -0.9231 -0.3844
vn -0.0870 -0.3751 -0.9229
vn -0.1330 -0.0398 -0.9903
vn -0.0804 0.3859 -0.9191
vn 0.0649 0.8330 -0.5494
vn 0.1003 0.9845 0.1436
vn -0.1042 0.9474 0.3028
vn -0.0075 -0.0235 0.9997
vn 0.2031 0.8445 0.4955
vn -0.0030 -0.0421 0.9991
vn 0.1223 0.5510 0.8255
vn 0.1155 -0.5260 0.8426
vn -0.1629 -0.5707 0.8048
vn -0.0512 -0.8771 0.4776
vn -0.0412 -0.7770 0.6282
vn 0.3458 -0.7560 0.5557
vn 0.2815 0.5580 0.7807
vn -0.0338 0.9576 0.2860
vn -0.0652 0.9327 -0.3547
vn -0.2365 0.0110 -0.9716
vn -0.1754 -0.9709 -0.1629
vn 0.4643 0.8697 0.1673
vn -0.6508 0.7549 -0.0810
vn -0.2661 0.7747 -0.5736
vn -0.0677 0.3682 -0.9273
vn -0.0000 0.7243 -0.6895
vn 0.0000 0.3663 -0.9305
vn 0.0677 0.3682 -0.9273
vn 0.0000 -0.1854 -0.9827
vn -0.0910 -0.1551 -0.9837
vn 0.0000 -0.2939 -0.9558
vn -0.0648 -0.4316 -0.8998
vn 0.0000 -0.3130 -0.9497
vn 0.5968 -0.2358 -0.7670
vn 0.0799 -0.9818 0.1722
vn 0.3861 -0.8427 -0.3753
vn 0.2326 -0.6506 -0.7229
vn 0.3521 -0.0711 -0.9333
vn 0.1807 0.2144 -0.9599
vn 0.0652 0.9327 -0.3547
vn 0.0338 0.9576 0.2860
vn 0.9497 0.2289 0.2136
vn 0.6508 0.7549 -0.0810
vn 0.2661 0.7747 -0.5736
vn 0.1866 0.4073 -0.8940
vn 0.2845 -0.3322 -0.8993
vn 0.1431 -0.4278 0.8925
vn 0.0225 -0.1358 0.9905
vn 0.1028 -0.2527 0.9621
vn 0.4943 -0.1428 0.8575
vn 0.2956 0.6408 0.7085
vn 0.4852 0.5843 0.6505
vn 0.7756 0.1078 0.6219
vn -0.0031 0.7346 0.6785
vn 0.4147 0.7798 0.4689
vn -0.1807 0.2144 -0.9599
vn -0.2326 -0.6506 -0.7229
vn -0.0799 -0.9818 0.1722
vn 0.0114 -0.9267 0.3755
vn -0.5999 -0.5543 0.5770
vn -0.6968 -0.5915 0.4057
vn -0.3861 -0.8427 -0.3753
vn -0.8028 -0.5923 0.0680
vn -0.5634 -0.4759 -0.6754
vn -0.9372 -0.2886 -0.1960
vn -0.5968 -0.2358 -0.7670
vn -0.5855 -0.2659 0.7658
vn -0.6953 -0.3840 0.6076
vn -0.7048 -0.3265 0.6298
vn 0.9246 -0.3049 -0.2284
vn 0.5634 -0.4759 -0.6754
vn 0.5999 -0.5543 0.5770
vn 0.0648 -0.4316 -0.8998
vn -0.2705 -0.6156 -0.7401
vn -0.2845 -0.3322 -0.8993
vn -0.3521 -0.0711 -0.9333
vn 0.8439 -0.3989 -0.3587
vn -0.0393 -0.4689 0.8824
vn -0.8094 0.0471 0.5853
vn -0.4187 0.9008 -0.1152
vn -0.4403 0.8091 0.3892
vn -0.0000 -0.5028 0.8644
vn 0.2365 0.0110 -0.9716
vn 0.1754 -0.9709 -0.1629
vn -0.0114 -0.9267 0.3755
vn -0.8369 0.5466 -0.0296
vn -0.0000 0.8651 -0.5016
vn 0.2705 -0.6156 -0.7401
vn 0.0910 -0.1551 -0.9837
vn -0.3290 0.7708 -0.5455
vn -0.0313 0.0234 -0.9992
vn 0.2151 -0.5043 -0.8363
vn -0.2151 -0.5043 -0.8363
vn 0.0313 0.0234 -0.9992
vn 0.3290 0.7708 -0.5455
vn -0.1376 0.5189 0.8437
vn 0.7151 -0.3928 0.5783
vn -0.1074 0.9828 -0.1505
vn -0.1866 0.4073 -0.8940
vn 0.1074 0.9828 -0.1505
vn -0.2815 0.5580 0.7807
vn 0.6840 -0.3456 0.6425
vn 0.1198 0.5587 0.8207
vn 0.2691 0.8569 -0.4397
vn 0.6465 -0.0265 -0.7624
vn 0.7564 -0.3726 -0.5377
# 194 vertex normals

vt 0.7392 -0.1560 0.0000
vt 0.7844 -0.0986 0.0000
vt 0.7741 -0.0508 0.0000
vt 0.8304 -0.0960 0.0000
vt 0.8509 -0.0056 0.0000
vt 0.8805 -0.0942 0.0000
vt 0.9533 -0.0949 0.0000
vt 0.9019 -0.1297 0.0000
vt 0.9482 -0.1388 0.0000
vt 0.9077 -0.1769 0.0000
vt 0.9338 -0.2115 0.0000
vt 0.9022 -0.2157 0.0000
vt 0.9110 -0.2811 0.0000
vt 0.8670 -0.2843 0.0000
vt 0.8596 -0.3349 0.0000
vt 0.8200 -0.2852 0.0000
vt 0.8120 -0.3595 0.0000
vt 0.7772 -0.2712 0.0000
vt 0.7429 -0.2271 0.0000
vt 0.7912 -0.2127 0.0000
vt 0.7917 -0.1458 0.0000
vt 0.8285 -0.1473 0.0000
vt 0.8691 -0.2161 0.0000
vt 0.8691 -0.1500 0.0000
vt 0.9658 -0.1132 0.0000
vt 0.9821 -0.1610 0.0000
vt 0.4244 -0.5741 0.0000
vt 0.5597 -0.5741 0.0000
vt 0.4095 -0.5986 0.0000
vt 0.5849 -0.6305 0.0000
vt 0.5849 -0.6747 0.0000
vt 0.3893 -0.6661 0.0000
vt 0.2946 -0.6905 0.0000
vt 0.3691 -0.7336 0.0000
vt 0.3533 -0.7657 0.0000
vt 0.4398 -0.7552 0.0000
vt 0.4315 -0.7765 0.0000
vt 0.5852 -0.7486 0.0000
vt 0.4658 -0.8908 0.0000
vt 0.5849 -0.8840 0.0000
vt 0.5846 -0.9303 0.0000
vt 0.4010 -0.8916 0.0000
vt 0.3977 -0.8290 0.0000
vt 0.3193 -0.9335 0.0000
vt 0.3067 -0.8347 0.0000
vt 0.5468 -0.3948 0.0000
vt 0.5980 -0.3948 0.0000
vt 0.5982 -0.5247 0.0000
vt 0.6509 -0.5101 0.0000
vt 0.6509 -0.5917 0.0000
vt 0.6659 -0.5919 0.0000
vt 0.6614 -0.7547 0.0000
vt 0.7266 -0.6779 0.0000
vt 0.6632 -0.8221 0.0000
vt 0.7346 -0.7465 0.0000
vt 0.7618 -0.8313 0.0000
vt 0.7748 -0.7204 0.0000
vt 0.8313 -0.7697 0.0000
vt 0.8564 -0.6997 0.0000
vt 0.8857 -0.7600 0.0000
vt 0.9427 -0.7155 0.0000
vt 0.9613 -0.8026 0.0000
vt 0.9914 -0.6628 0.0000
vt 0.9914 -0.8072 0.0000
vt 0.6865 -0.3948 0.0000
vt 0.6657 -0.5101 0.0000
vt 0.7262 -0.5234 0.0000
vt 0.7266 -0.5992 0.0000
vt 0.7718 -0.5988 0.0000
vt 0.8575 -0.5893 0.0000
vt 0.9427 -0.5987 0.0000
vt 0.1343 -0.6236 0.0000
vt 0.0896 -0.6043 0.0000
vt 0.1240 -0.6640 0.0000
vt 0.0524 -0.6380 0.0000
vt 0.0605 -0.7378 0.0000
vt 0.0069 -0.6386 0.0000
vt 0.0069 -0.7383 0.0000
vt 0.0069 -0.8351 0.0000
vt 0.0605 -0.8350 0.0000
vt 0.0069 -0.9385 0.0000
vt 0.0565 -0.9380 0.0000
vt 0.0069 -0.9935 0.0000
vt 0.1293 -0.9935 0.0000
vt 0.9914 -0.5272 0.0000
vt 0.9914 -0.3948 0.0000
vt 0.9463 -0.5272 0.0000
vt 0.9297 -0.3948 0.0000
vt 0.8980 -0.5215 0.0000
vt 0.8389 -0.3948 0.0000
vt 0.8496 -0.5157 0.0000
vt 0.7728 -0.5234 0.0000
vt 0.0892 -0.5542 0.0000
vt 0.0994 -0.7386 0.0000
vt 0.2271 -0.7382 0.0000
vt 0.1824 -0.8351 0.0000
vt 0.2376 -0.7890 0.0000
vt 0.2209 -0.9018 0.0000
vt 0.5849 -0.7189 0.0000
vt 0.3723 -0.4863 0.0000
vt 0.4107 -0.4046 0.0000
vt 0.4592 -0.5173 0.0000
vt 0.4807 -0.4253 0.0000
vt 0.5845 -0.5741 0.0000
vt 0.9914 -0.5987 0.0000
vt 0.2902 -0.7473 0.0000
vt 0.2481 -0.7596 0.0000
vt 0.2587 -0.8325 0.0000
vt 0.2652 -0.9315 0.0000
vt 0.2041 -0.9750 0.0000
vt 0.1363 -0.9662 0.0000
vt 0.1951 -0.9935 0.0000
vt 0.3325 -0.9593 0.0000
vt 0.4134 -0.9698 0.0000
vt 0.1520 -0.9378 0.0000
vt 0.5094 -0.4373 0.0000
vt 0.5835 -0.4973 0.0000
vt 0.4225 -0.5741 0.0000
vt 0.5849 -0.9935 0.0000
vt 0.0069 -0.5542 0.0000
vt 0.8087 -0.8127 0.0000
vt 0.8594 -0.7794 0.0000
vt 0.9062 -0.7853 0.0000
vt 0.8278 -0.2141 0.0000
vt 0.5982 -0.6029 0.0000
vt 0.5982 -0.6742 0.0000
vt 0.6982 -0.4688 0.0000
vt 0.9394 -0.3477 0.0000
vt 0.5982 -0.8072 0.0000
vt 0.9799 -0.2015 0.0000
vt 0.7627 -0.3598 0.0000
# 131 texture coords

g XBRL_BODY_03
usemtl Material__27
s 1
f 29/39/33 30/40/34 31/41/35 
s 2
f 30/40/34 32/42/36 31/41/35 
s 3
f 31/41/35 32/42/36 33/43/37 
s 4
f 32/42/36 34/44/38 33/43/37 
s 5
f 33/43/37 34/44/38 35/45/39 
s 6
f 34/44/38 36/46/40 35/45/39 
s 7
f 35/45/39 36/46/40 37/47/41 
s 8
f 36/46/40 38/48/42 37/47/41 
s 9
f 37/47/41 38/48/42 39/49/43 
s 10
f 38/48/42 40/50/44 39/49/43 
s 11
f 39/49/43 40/50/44 41/51/45 
s 12
f 40/50/44 42/52/46 41/51/45 
s 13
f 41/51/45 42/52/46 43/53/47 
s 14
f 42/52/46 44/54/48 43/53/47 
s 15
f 43/53/47 44/54/48 45/55/49 
s 16
f 44/54/48 46/56/50 45/55/49 
s 17
f 45/55/49 46/56/50 47/57/51 
s 18
f 46/56/50 48/58/52 47/57/51 
s 19
f 47/57/51 48/58/52 29/39/33 
s 20
f 48/58/52 49/59/53 29/39/33 
s 21
f 29/39/33 49/59/53 30/40/34 
s 22
f 49/59/53 50/60/54 30/40/34 
s 23
f 30/40/34 50/60/54 32/42/36 
s 24
f 50/60/54 34/44/38 32/42/36 
s 25
f 51/43/55 52/44/56 53/42/57 
s 26
f 52/44/56 54/60/58 53/42/57 
s 27
f 53/42/57 54/60/58 55/40/59 
s 28
f 54/60/58 56/59/60 55/40/59 
s 29
f 55/40/59 56/59/60 57/39/61 
s 30
f 56/59/60 58/58/62 57/39/61 
s 31
f 57/39/61 58/58/62 59/57/63 
s 32
f 58/58/64 60/56/65 59/57/63 
s 33
f 59/57/63 60/56/65 61/55/66 
s 34
f 60/56/65 62/54/67 61/55/66 
s 35
f 61/55/66 62/54/67 63/53/68 
s 36
f 62/54/67 64/52/69 63/53/68 
s 37
f 63/53/68 64/52/69 65/51/70 
s 38
f 64/52/69 66/61/71 65/51/70 
s 39
f 65/51/70 66/61/71 67/50/72 
s 40
f 66/61/71 68/62/73 67/50/72 
s 41
f 67/50/72 68/62/73 69/48/74 
s 42
f 68/62/73 52/44/56 69/48/74 
s 43
f 69/48/74 52/44/56 70/46/75 
s 44
f 52/44/56 71/45/76 70/46/75 
s 45
f 70/46/75 71/45/76 72/47/77 
s 46
f 71/45/76 73/63/78 72/47/77 
s 47
f 72/47/77 73/63/78 74/64/79 
s 48
f 75/65/80 76/66/81 35/67/39 
s 49
f 76/66/81 77/68/82 35/67/39 
s 50
f 35/67/39 77/68/82 78/69/83 
s 51
f 77/68/82 71/67/76 78/69/83 
s 52
f 78/69/83 71/67/76 79/70/84 
s 53
f 71/67/76 51/71/55 79/70/84 
s 54
f 79/70/84 51/71/55 80/72/85 
s 55
f 51/71/55 81/73/86 80/72/85 
s 56
f 80/72/85 81/73/86 82/74/87 
s 57
f 81/73/86 83/75/88 82/74/87 
s 58
f 82/74/87 83/75/88 84/76/89 
s 59
f 83/75/88 85/77/90 84/76/89 
s 60
f 84/76/89 85/77/90 86/78/91 
s 61
f 85/77/90 87/79/92 86/78/91 
s 62
f 86/78/91 87/79/92 88/77/93 
s 63
f 87/79/92 89/80/94 88/77/93 
s 64
f 88/77/95 89/80/94 90/81/96 
s 65
f 89/80/94 91/82/97 90/81/96 
s 66
f 90/81/96 91/82/97 92/83/98 
s 67
f 93/84/99 94/85/100 95/86/101 
s 68
f 94/85/100 96/87/102 95/86/101 
s 69
f 95/86/101 96/87/102 97/88/103 
s 70
f 96/87/102 98/89/104 97/88/103 
s 71
f 97/88/103 98/89/104 99/90/105 
s 72
f 98/89/104 100/91/106 99/90/105 
s 73
f 99/90/105 100/91/106 101/92/107 
s 74
f 100/91/106 102/93/108 101/92/107 
s 75
f 101/92/107 102/93/108 103/94/109 
s 76
f 102/93/108 104/95/110 103/94/109 
s 77
f 103/94/109 104/95/110 105/96/111 
s 78
f 104/95/110 106/97/112 105/96/111 
s 79
f 105/96/111 106/97/112 107/98/113 
s 80
f 106/97/112 108/99/114 107/98/113 
s 81
f 107/98/113 108/99/114 109/100/115 
s 82
f 108/99/114 110/101/116 109/100/115 
s 83
f 109/100/115 110/101/116 111/102/117 
s 84
f 112/102/118 113/101/119 114/100/120 
s 85
f 113/101/119 115/99/121 114/100/120 
s 86
f 114/100/120 115/99/121 116/98/122 
s 87
f 115/99/121 117/97/123 116/98/122 
s 88
f 116/98/122 117/97/123 118/96/124 
s 89
f 117/97/123 119/95/125 118/96/124 
s 90
f 118/96/124 119/95/125 120/94/126 
s 91
f 119/95/125 121/93/127 120/94/126 
s 92
f 120/94/126 121/93/127 122/92/128 
s 93
f 121/93/127 123/91/129 122/92/128 
s 94
f 122/92/128 123/91/129 124/90/130 
s 95
f 123/91/129 125/89/131 124/90/130 
s 96
f 124/90/130 125/89/131 126/88/132 
s 97
f 125/89/131 127/87/133 126/88/132 
s 98
f 126/88/132 127/87/133 128/86/134 
s 99
f 127/87/133 129/85/135 128/86/134 
s 100
f 128/86/134 129/85/135 130/84/136 
s 101
f 94/85/100 51/103/55 96/87/102 
s 102
f 51/103/55 131/104/137 96/87/102 
s 103
f 96/87/102 131/104/137 98/89/104 
s 104
f 131/104/137 57/105/61 98/89/104 
s 105
f 98/89/104 57/105/61 132/106/138 
s 106
f 57/105/61 133/107/139 132/106/138 
s 107
f 132/106/138 133/107/139 104/95/110 
s 108
f 133/107/139 134/108/140 104/95/110 
s 109
f 104/95/110 134/108/140 106/97/112 
s 110
f 134/108/140 135/109/141 106/97/112 
s 111
f 106/97/112 135/109/141 108/99/114 
s 112
f 135/109/141 110/101/116 108/99/114 
s 113
f 136/110/142 137/111/143 65/112/70 
s 114
f 137/111/143 138/113/144 65/112/70 
s 115
f 65/112/70 138/113/144 139/114/145 
s 116
f 138/113/144 140/115/146 139/114/145 
s 117
f 139/114/145 140/115/146 141/116/147 
s 118
f 140/115/146 142/114/148 141/116/147 
s 119
f 141/116/147 142/114/148 143/117/149 
s 120
f 142/114/148 144/118/150 143/117/149 
s 121
f 143/117/149 144/118/150 145/119/151 
s 122
f 144/118/150 146/120/152 145/119/151 
s 123
f 145/119/151 146/120/152 147/121/153 
s 124
f 146/120/152 148/122/154 147/121/153 
s 125
f 128/123/134 130/124/136 149/125/155 
s 126
f 130/124/136 150/126/156 149/125/155 
s 127
f 149/125/155 150/126/156 151/127/157 
s 128
f 150/126/156 152/128/158 151/127/157 
s 129
f 151/127/157 152/128/158 153/129/159 
s 130
f 152/128/158 47/130/51 153/129/159 
s 131
f 153/129/159 47/130/51 154/107/160 
s 132
f 47/130/51 29/105/33 154/107/160 
s 133
f 154/107/160 29/105/33 155/106/161 
s 134
f 29/105/33 125/89/131 155/106/161 
s 135
f 155/106/161 125/89/131 123/91/129 
s 136
f 156/131/162 157/111/163 158/113/164 
s 137
f 157/111/163 41/112/45 158/113/164 
s 138
f 158/113/164 41/112/45 142/114/148 
s 139
f 41/112/45 159/132/165 142/114/148 
s 140
f 142/114/148 159/132/165 144/118/150 
s 141
f 159/132/165 45/133/49 144/118/150 
s 142
f 144/118/150 45/133/49 160/134/166 
s 143
f 45/133/49 152/135/158 160/134/166 
s 144
f 160/134/166 152/135/158 150/136/156 
s 145
f 86/78/91 88/77/93 84/76/89 
s 146
f 88/77/93 161/75/167 84/76/89 
s 147
f 84/76/89 161/75/167 162/137/168 
s 148
f 161/75/167 163/74/169 162/137/168 
s 149
f 162/137/168 163/74/169 78/69/83 
s 150
f 163/74/169 164/72/170 78/69/83 
s 151
f 78/69/83 164/72/170 165/70/171 
s 152
f 164/72/170 33/71/37 165/70/171 
s 153
f 165/70/171 33/71/37 35/67/39 
s 154
f 157/138/163 156/139/162 166/140/172 
s 155
f 156/139/162 167/141/173 166/140/172 
s 156
f 166/140/172 167/141/173 76/66/81 
s 157
f 167/141/173 168/142/174 76/66/81 
s 158
f 76/66/81 168/142/174 77/68/82 
s 159
f 168/142/174 169/66/175 77/68/82 
s 160
f 77/68/82 169/66/175 71/67/76 
s 161
f 169/66/175 73/65/78 71/67/76 
s 162
f 57/105/61 59/130/63 133/107/139 
s 163
f 59/130/63 170/129/176 133/107/139 
s 164
f 133/107/139 170/129/176 134/108/140 
s 165
f 170/129/176 171/127/177 134/108/140 
s 166
f 134/108/140 171/127/177 135/109/141 
s 167
f 171/127/177 172/125/178 135/109/141 
s 168
f 135/109/141 172/125/178 173/143/179 
s 169
f 172/125/178 95/123/101 173/143/179 
s 170
f 51/144/55 94/145/100 174/83/180 
s 171
f 94/145/100 93/146/99 174/83/180 
s 172
f 174/83/180 93/146/99 175/147/181 
s 173
f 93/146/99 176/136/182 175/147/181 
s 174
f 175/147/181 176/136/182 177/148/183 
s 175
f 176/136/182 178/149/184 177/148/183 
s 176
f 177/148/183 178/149/184 179/150/185 
s 177
f 178/149/184 180/122/186 179/150/185 
s 178
f 51/71/55 174/144/180 81/73/86 
s 179
f 174/144/180 175/83/181 81/73/86 
s 180
f 81/73/86 175/83/181 181/81/187 
s 181
f 175/83/181 177/82/183 181/81/187 
s 182
f 181/81/187 177/82/183 182/80/188 
s 183
f 177/82/183 179/151/185 182/80/188 
s 184
f 182/80/188 179/151/185 183/152/189 
s 185
f 184/150/190 185/149/191 91/148/97 
s 186
f 185/149/191 150/136/156 91/148/97 
s 187
f 91/148/97 150/136/156 92/147/98 
s 188
f 150/136/156 130/146/136 92/147/98 
s 189
f 92/147/98 130/146/136 186/83/192 
s 190
f 130/146/136 129/145/135 186/83/192 
s 191
f 186/83/192 129/145/135 33/144/37 
s 192
f 147/121/153 180/122/186 187/120/193 
s 193
f 180/122/186 178/149/184 187/120/193 
s 194
f 187/120/193 178/149/184 188/153/194 
s 195
f 178/149/184 176/136/182 188/153/194 
s 196
f 188/153/194 176/136/182 189/134/195 
s 197
f 176/136/182 190/135/196 189/134/195 
s 198
f 189/134/195 190/135/196 61/133/66 
s 199
f 191/154/197 192/155/198 168/142/174 
s 200
f 192/155/198 193/141/199 168/142/174 
s 201
f 168/142/174 193/141/199 169/66/175 
s 202
f 193/141/199 74/140/79 169/66/175 
s 203
f 169/66/175 74/140/79 73/156/78 
s 204
f 42/52/46 40/50/44 194/61/200 
s 205
f 40/50/44 38/48/42 194/61/200 
s 206
f 194/61/200 38/48/42 195/62/201 
s 207
f 38/48/42 36/46/40 195/62/201 
s 208
f 195/62/201 36/46/40 34/44/38 
s 209
f 93/124/99 172/125/178 176/126/182 
s 210
f 172/125/178 171/127/177 176/126/182 
s 211
f 176/126/182 171/127/177 190/128/196 
s 212
f 171/127/177 170/129/176 190/128/196 
s 213
f 190/128/196 170/129/176 59/130/63 
s 214
f 83/75/88 181/81/187 85/77/90 
s 215
f 181/81/187 182/80/188 85/77/90 
s 216
f 85/77/90 182/80/188 87/79/92 
s 217
f 182/80/188 183/152/189 87/79/92 
s 218
f 87/79/92 183/152/189 196/157/202 
s 219
f 153/129/159 197/108/203 151/127/157 
s 220
f 197/108/203 198/109/204 151/127/157 
s 221
f 151/127/157 198/109/204 149/125/155 
s 222
f 198/109/204 199/143/205 149/125/155 
s 223
f 149/125/155 199/143/205 128/123/134 
s 224
f 137/111/143 200/131/206 138/113/144 
s 225
f 200/131/206 201/158/207 138/113/144 
s 226
f 138/113/144 201/158/207 140/115/146 
s 227
f 201/158/207 158/113/164 140/115/146 
s 228
f 140/115/146 158/113/164 142/114/148 
s 229
f 184/150/190 148/122/154 185/149/191 
s 230
f 148/122/154 146/120/152 185/149/191 
s 231
f 185/149/191 146/120/152 202/153/208 
s 232
f 146/120/152 144/118/150 202/153/208 
s 233
f 202/153/208 144/118/150 160/134/166 
s 234
f 115/99/121 198/109/204 117/97/123 
s 235
f 198/109/204 197/108/203 117/97/123 
s 236
f 117/97/123 197/108/203 119/95/125 
s 237
f 197/108/203 154/107/160 119/95/125 
s 238
f 119/95/125 154/107/160 155/106/161 
s 239
f 147/121/153 187/120/193 145/119/151 
s 240
f 187/120/193 203/118/209 145/119/151 
s 241
f 145/119/151 203/118/209 143/117/149 
s 242
f 203/118/209 139/114/145 143/117/149 
s 243
f 143/117/149 139/114/145 141/116/147 
s 244
f 120/94/126 204/159/210 118/96/124 
s 245
f 204/159/210 205/160/211 118/96/124 
s 246
f 118/96/124 205/160/211 116/98/122 
s 247
f 205/160/211 206/161/212 116/98/122 
s 248
f 116/98/122 206/161/212 114/100/120 
s 249
f 109/100/115 207/161/213 107/98/113 
s 250
f 207/161/213 208/160/214 107/98/113 
s 251
f 107/98/113 208/160/214 105/96/111 
s 252
f 208/160/214 209/159/215 105/96/111 
s 253
f 105/96/111 209/159/215 103/94/109 
s 254
f 84/76/89 162/137/168 82/74/87 
s 255
f 162/137/168 78/69/83 82/74/87 
s 256
f 82/74/216 78/69/83 80/72/85 
s 257
f 78/69/83 79/70/84 80/72/85 
s 258
f 163/74/169 161/75/167 164/72/170 
s 259
f 161/75/167 210/73/217 164/72/170 
s 260
f 164/72/170 210/73/217 33/71/37 
s 261
f 210/73/217 186/144/192 33/71/37 
s 262
f 52/44/56 68/62/73 54/60/58 
s 263
f 68/62/73 211/162/218 54/60/58 
s 264
f 54/60/58 211/162/218 56/59/60 
s 265
f 211/162/218 58/58/62 56/59/60 
s 266
f 60/56/65 58/58/62 62/54/67 
s 267
f 58/58/62 211/162/218 62/54/67 
s 268
f 62/54/67 211/162/218 64/52/69 
s 269
f 211/162/218 66/61/71 64/52/69 
s 270
f 70/46/75 72/47/77 69/48/74 
s 271
f 72/47/77 136/49/142 69/48/74 
s 272
f 69/48/74 136/49/142 67/50/72 
s 273
f 136/49/142 65/51/70 67/50/72 
s 274
f 189/134/195 61/133/66 203/118/209 
s 275
f 61/133/66 212/132/219 203/118/209 
s 276
f 203/118/209 212/132/219 139/114/145 
s 277
f 212/132/219 65/112/70 139/114/145 
s 278
f 34/44/38 50/60/54 195/62/201 
s 279
f 50/60/54 213/162/220 195/62/201 
s 280
f 195/62/201 213/162/220 194/61/200 
s 281
f 213/162/220 42/52/46 194/61/200 
s 282
f 46/56/50 44/54/48 48/58/52 
s 283
f 44/54/48 213/162/220 48/58/52 
s 284
f 48/58/52 213/162/220 49/59/53 
s 285
f 213/162/220 50/60/54 49/59/53 
s 286
f 128/86/134 199/163/205 126/88/132 
s 287
f 199/163/205 113/164/119 126/88/132 
s 288
f 126/88/132 113/164/119 124/90/130 
s 289
f 113/164/119 122/92/128 124/90/130 
s 290
f 129/85/135 127/87/133 33/103/37 
s 291
f 127/87/133 214/104/221 33/103/37 
s 292
f 33/103/37 214/104/221 31/165/35 
s 293
f 214/104/221 29/105/33 31/165/35 
s 294
f 110/164/116 99/90/105 101/92/107 
s 295
f 102/93/108 100/91/106 104/95/110 
s 296
f 196/157/202 215/152/222 87/79/92 
s 297
f 214/104/221 127/87/133 125/89/131 
s 298
f 123/91/129 119/95/125 155/106/161 
s 299
f 44/54/48 42/52/46 213/162/220 
s 300
f 68/62/73 66/61/71 211/162/218 
s 301
f 216/41/223 51/43/55 53/42/57 
s 302
f 214/104/221 125/89/131 29/105/33 
s 303
f 115/99/121 113/101/119 198/109/204 
s 304
f 90/81/96 161/75/167 88/77/93 
s 305
f 90/81/96 92/83/98 210/73/217 
s 306
f 43/53/47 45/55/49 159/166/165 
s 307
f 75/156/80 166/140/172 76/66/81 
s 308
f 39/110/43 41/112/45 157/111/163 
s 309
f 166/64/172 37/47/41 39/49/43 
s 310
f 37/47/41 166/64/172 75/63/80 
s 311
f 202/153/208 160/134/166 150/136/156 
s 312
f 122/92/128 113/164/119 112/167/118 
s 313
f 41/51/45 43/53/47 159/166/165 
s 314
f 37/47/41 75/63/80 35/45/39 
s 315
f 87/79/92 215/152/222 89/80/94 
s 316
f 90/81/96 210/73/217 161/75/167 
s 317
f 186/144/192 210/73/217 92/83/98 
s 318
f 202/153/208 150/136/156 185/149/191 
s 319
f 166/64/172 39/49/43 157/168/163 
s 320
f 201/158/207 156/131/224 158/113/164 
s 321
f 119/95/125 123/91/129 121/93/127 
s 322
f 152/169/158 45/55/49 47/57/51 
s 323
f 197/108/203 153/129/159 154/107/160 
s 324
f 198/109/204 113/101/119 199/143/205 
s 325
f 111/167/117 110/164/116 101/92/107 
s 326
f 35/67/39 78/69/83 165/70/171 
s 327
f 131/104/137 51/103/55 216/165/223 
s 328
f 100/91/106 98/89/104 132/106/138 
s 329
f 57/105/61 131/104/137 216/165/223 
s 330
f 99/90/105 110/164/116 97/88/103 
s 331
f 53/42/57 55/40/59 216/41/223 
s 332
f 137/138/143 74/140/79 200/139/206 
s 333
f 97/88/103 110/164/116 173/163/179 
s 334
f 193/141/199 200/139/206 74/140/79 
s 335
f 132/106/138 104/95/110 100/91/106 
s 336
f 203/118/209 187/120/193 188/153/194 
s 337
f 212/166/219 61/55/66 63/53/68 
s 338
f 136/49/142 72/47/77 74/64/79 
s 339
f 188/153/194 189/134/195 203/118/209 
s 340
f 212/166/219 63/53/68 65/51/70 
s 341
f 83/75/88 81/73/86 181/81/187 
s 342
f 51/43/55 71/45/76 52/44/56 
s 343
f 95/123/101 172/125/178 93/124/99 
s 344
f 137/168/143 136/49/142 74/64/79 
s 345
f 59/57/63 61/55/66 190/169/196 
s 346
f 55/40/59 57/39/61 216/41/223 
s 347
f 173/163/179 95/86/101 97/88/103 
s 348
f 173/143/179 110/101/116 135/109/141 
s 349
f 192/155/198 217/154/225 193/141/199 
s 350
f 215/152/222 184/151/190 91/82/97 
s 351
f 215/152/222 91/82/97 89/80/94 
s 352
f 191/154/197 168/142/174 167/141/226 
# 0 polygons - 352 triangles

#
# object XBRL_BODY_04
#

v  -0.0000 -23.7442 5.6145
v  -0.9473 -10.0004 6.7957
v  -1.5373 -8.2734 -6.5811
v  0.7019 -0.8114 5.6921
v  1.1947 -0.7946 -5.4763
v  0.0000 -0.8114 5.7417
v  0.0000 2.7742 -9.0737
v  -0.7019 -0.8114 5.6921
v  -1.1947 -0.7946 -5.4763
v  1.5373 -8.2734 -6.5811
v  -4.5056 -1.1155 -9.0640
v  -8.9591 -17.6128 -9.6918
v  -11.6732 -4.1049 -9.0640
v  -17.9460 -10.0610 -6.7404
v  -15.8592 -2.6363 -5.5420
v  -17.9460 -10.0681 6.8145
v  -15.7135 -1.3906 6.5615
v  -8.7137 -10.5437 11.2636
v  -9.2177 -2.2611 10.6933
v  0.9473 -10.0004 6.7957
v  -2.6091 3.0861 9.3527
v  0.0000 4.3744 11.1715
v  -1.7494 -27.8979 3.4301
v  -1.5957 -30.0628 -8.3263
v  -0.4059 -18.5297 -5.9446
v  9.0788 -28.2425 -12.9912
v  8.9591 -17.6128 -9.6918
v  18.7994 -20.8144 -6.3349
v  17.9460 -10.0610 -6.7404
v  18.6296 -28.6243 4.5930
v  17.4753 -23.7512 5.6333
v  8.1805 -27.2887 8.6098
v  8.1589 -24.0081 10.0859
v  8.7137 -10.5437 11.2636
v  9.2177 -2.2611 10.6933
v  2.6091 3.0861 9.3527
v  9.2730 13.4856 10.6084
v  0.0000 13.4856 11.6412
v  -9.2730 13.4856 10.6084
v  -13.9021 14.7242 -4.3642
v  -13.9021 14.7242 6.4038
v  -18.7368 19.6372 0.8972
v  -14.1053 19.5527 12.5750
v  -13.0419 22.5010 10.8280
v  -3.7472 23.6387 15.9820
v  0.0000 18.8699 0.9564
v  0.0000 21.3066 12.1693
v  13.3718 25.9741 10.2275
v  3.4448 26.5131 15.7489
v  16.7807 20.8851 11.8637
v  11.5884 20.8233 15.7091
v  13.9021 14.7242 6.4038
v  8.6716 19.9954 10.9789
v  9.1252 14.7242 11.4205
v  -0.0000 14.7242 12.8975
v  17.9460 -10.0681 6.8145
v  15.7135 -1.3906 6.5615
v  15.8592 -2.6363 -5.5420
v  12.3332 13.4856 -5.6477
v  10.7956 0.8993 -11.9349
v  8.4607 13.4855 -9.9542
v  4.1281 0.8993 -12.7951
v  0.0000 7.4114 -12.2651
v  -4.1281 0.8993 -12.7951
v  -8.1589 -24.0081 10.0859
v  -8.1805 -27.2887 8.6098
v  -17.4754 -23.7512 5.6333
v  -18.6296 -28.6243 4.5930
v  -18.7994 -20.8144 -6.3349
v  -9.0788 -28.2425 -12.9912
v  0.4059 -18.5297 -5.9446
v  1.5957 -30.0628 -8.3263
v  1.7494 -27.8979 3.4301
v  3.5082 -66.8703 13.5916
v  8.2550 -66.1623 18.0580
v  8.2550 -64.5242 14.7161
v  12.7855 -66.8703 13.5916
v  12.4691 -63.7234 9.0664
v  13.7780 -66.6056 7.2259
v  12.6210 -60.5853 2.3899
v  12.4481 -66.5392 -5.3776
v  12.7548 -60.4862 -4.5620
v  8.2550 -59.8793 -7.0851
v  -12.4481 -66.5392 -5.3776
v  -13.7780 -66.6056 7.2259
v  -12.6210 -60.5853 2.3899
v  -12.4691 -63.7234 9.0664
v  -8.2550 -58.6345 5.7292
v  -8.2550 -62.0906 9.8815
v  -3.7372 -63.7234 9.0664
v  -8.2550 -64.5242 14.7161
v  -3.5082 -66.8703 13.5916
v  -8.2550 -66.1623 18.0580
v  -3.9667 -54.2286 2.3397
v  -8.2479 -54.8658 4.7436
v  -12.7108 -54.2286 2.3397
v  -13.2101 -54.2286 -4.7109
v  -12.7547 -60.4862 -4.5620
v  -8.2479 -54.2286 -7.4829
v  -8.2550 -59.8793 -7.0851
v  -3.8072 -60.4862 -4.5620
v  12.7109 -54.2286 2.3397
v  8.2479 -54.8658 4.7436
v  8.2550 -58.6345 5.7292
v  3.9667 -54.2286 2.3397
v  3.6389 -60.5853 2.3899
v  3.5090 -54.2286 -4.7109
v  3.8072 -60.4862 -4.5620
v  8.2479 -54.2286 -7.4829
v  -12.3332 13.4856 5.5006
v  -12.3332 13.4856 -5.6477
v  -10.7956 0.8993 -11.9349
v  0.0000 21.1526 -15.2231
v  0.0000 24.3343 -13.1733
v  12.9136 25.5389 -8.9101
v  14.2751 24.2665 -1.8887
v  18.7368 19.6372 0.8972
v  -11.3508 52.4764 -9.4854
v  -11.7914 51.8757 -9.7435
v  -11.7982 51.7259 -0.0206
v  -12.2388 51.1623 -0.0478
v  -10.0966 48.4537 7.6012
v  -10.4647 47.9644 7.8710
v  -8.9511 46.9008 9.4853
v  -9.3037 46.3175 9.6381
v  2.6186 -66.6056 7.2259
v  3.7372 -63.7234 9.0664
v  8.2550 -62.0906 9.8815
v  4.1699 -66.5392 -5.3776
v  8.2550 -65.7659 -8.2759
v  4.5056 -1.1155 -9.0640
v  11.6732 -4.1049 -9.0640
v  8.1663 -30.1440 8.8211
v  18.1996 -31.3514 3.7869
v  19.8779 -33.7589 -7.8654
v  -19.8779 -33.7589 -7.8654
v  -18.1996 -31.3514 3.7869
v  -8.1663 -30.1440 8.8211
v  -4.1699 -66.5392 -5.3776
v  -2.6186 -66.6056 7.2259
v  -12.7855 -66.8703 13.5916
v  -3.6389 -60.5853 2.3899
v  11.7914 51.8757 -9.7435
v  11.3508 52.4765 -9.4854
v  12.2388 51.1623 -0.0478
v  11.7982 51.7259 -0.0206
v  10.4647 47.9644 7.8710
v  10.0966 48.4537 7.6012
v  0.0000 52.3315 -12.3221
v  0.0000 52.7803 -11.8664
v  -12.9136 25.5389 -8.9101
v  -14.2751 24.2665 -1.8887
v  -14.5444 21.3586 -10.8447
v  18.1528 -30.0900 -8.2523
v  17.0730 -32.1909 -7.7303
v  -8.2549 -65.7659 -8.2759
v  11.4501 17.4591 8.6176
v  8.9352 21.7572 11.5672
v  9.0222 17.2446 11.4727
v  -0.0000 20.9980 14.4623
v  -0.0000 14.6117 15.0745
v  -9.0222 17.2446 11.4727
v  14.5444 21.3586 -10.8447
v  13.9021 14.7242 -4.3642
v  -9.1252 14.7242 11.4205
v  -8.6716 19.9954 10.9789
v  -10.1323 18.8594 16.0678
v  0.0000 14.7242 -12.0836
v  9.8056 14.7242 -9.6130
v  -0.9026 -36.4817 6.5633
v  8.3297 -41.2847 5.7315
v  -18.1528 -30.0900 -8.2523
v  -3.5090 -54.2286 -4.7109
v  -8.4607 13.4855 -9.9542
v  0.9026 -36.4817 6.5633
v  2.0453 -33.7589 -7.8512
v  0.0000 -32.1773 -7.7091
v  -2.0453 -33.7589 -7.8512
v  0.0000 13.4856 -11.5272
v  -9.8056 14.7242 -9.6130
v  13.2101 -54.2286 -4.7109
v  -8.9352 21.7572 11.5672
v  -11.4501 17.4591 8.6175
v  -8.3297 -41.2847 5.7315
v  -0.0000 45.2381 12.3845
v  -3.2702 45.6840 12.1444
v  -0.0000 40.4252 14.3995
v  8.8857 45.2307 10.2911
v  8.2853 47.0641 9.7257
v  -17.0730 -32.1909 -7.7303
v  -8.8857 45.2307 10.2911
v  -8.2853 47.0641 9.7257
v  3.2702 45.6840 12.1444
v  12.3332 13.4856 5.5006
v  9.9235 45.5120 9.8702
v  8.3100 47.8060 9.2813
v  7.9551 47.7113 9.7854
v  9.5708 45.3864 10.4420
v  -9.5708 45.3864 10.4420
v  -7.9551 47.7113 9.7854
v  -8.3100 47.8060 9.2813
v  -9.9235 45.5120 9.8702
v  -8.9166 46.0244 10.1405
v  -8.5692 46.6390 9.9805
v  7.4033 45.2900 11.1917
v  8.9167 46.0244 10.1405
v  8.5692 46.6390 9.9805
v  7.0664 45.9289 10.9546
v  -7.0663 45.9289 10.9546
v  -7.4033 45.2900 11.1917
v  9.3037 46.3175 9.6381
v  8.9511 46.9008 9.4853
# 212 vertices

vn -0.0000 -0.1431 0.9897
vn -0.8385 0.0044 0.5449
vn -0.8460 0.0699 -0.5286
vn -0.7826 -0.4603 0.4190
vn -0.9359 -0.1152 -0.3328
vn -0.0374 -0.9431 0.3304
vn 0.0192 -0.7727 -0.6344
vn 0.7691 -0.5251 0.3645
vn 0.9510 -0.0925 -0.2951
vn 0.9365 0.3482 -0.0408
vn 0.8460 0.0699 -0.5286
vn 0.4683 -0.5150 -0.7180
vn 0.0024 0.1161 -0.9932
vn -0.3443 -0.1419 -0.9281
vn -0.8260 0.1186 -0.5511
vn -0.9058 0.2022 -0.3724
vn -0.9358 0.0523 0.3486
vn -0.8622 0.1726 0.4763
vn -0.4245 0.1353 0.8953
vn -0.0106 -0.0052 0.9999
vn -0.1397 -0.0011 0.9902
vn 0.8385 0.0044 0.5449
vn 0.0448 -0.3304 0.9428
vn -0.0000 -0.4150 0.9098
vn -0.9022 0.1248 0.4128
vn -0.9373 -0.1123 -0.3299
vn -0.8507 0.0282 -0.5248
vn 0.0201 0.2544 -0.9669
vn -0.0024 0.1161 -0.9932
vn 0.8695 0.0905 -0.4856
vn 0.8260 0.1186 -0.5511
vn 0.9008 -0.0928 0.4243
vn 0.7605 -0.0182 0.6491
vn 0.3432 -0.1176 0.9319
vn -0.0448 -0.1669 0.9850
vn -0.0335 -0.2428 0.9695
vn 0.0106 -0.0052 0.9999
vn 0.1397 -0.0011 0.9902
vn -0.0448 -0.3304 0.9428
vn 0.4558 0.0450 0.8889
vn -0.0000 -0.0515 0.9987
vn -0.4558 0.0450 0.8889
vn -0.7062 -0.6501 -0.2804
vn -0.7213 -0.5856 0.3699
vn -0.9992 0.0315 0.0255
vn -0.7800 -0.0089 0.6257
vn -0.4081 0.8599 0.3067
vn 0.4225 0.4488 0.7874
vn -0.0381 0.9975 0.0595
vn 0.0302 0.6779 0.7345
vn 0.3191 0.9267 0.1983
vn -0.5760 0.5938 0.5619
vn 0.7816 0.1334 0.6094
vn 0.1378 -0.2463 0.9594
vn 0.6699 -0.6375 0.3807
vn -0.1011 -0.5054 0.8569
vn 0.4697 0.1138 0.8755
vn -0.0000 0.1056 0.9944
vn 0.8486 0.0787 0.5232
vn 0.8622 0.1726 0.4763
vn 0.9058 0.2022 -0.3724
vn 0.9101 0.2299 -0.3448
vn 0.5688 -0.1722 -0.8042
vn 0.4489 0.2048 -0.8698
vn 0.1259 0.1770 -0.9761
vn -0.2873 -0.4174 -0.8621
vn 0.0000 0.0159 -0.9999
vn 0.2751 -0.4087 -0.8702
vn 0.0335 -0.2428 0.9695
vn 0.0448 -0.1669 0.9850
vn -0.7605 -0.0182 0.6491
vn -0.8185 -0.1035 0.5651
vn -0.7970 0.1289 -0.5900
vn -0.0201 0.2544 -0.9669
vn 0.8507 0.0282 -0.5248
vn 0.8061 0.2341 -0.5435
vn 0.9022 0.1248 0.4128
vn -0.7631 -0.3710 0.5292
vn 0.0086 -0.0686 0.9976
vn 0.0111 0.8813 0.4724
vn 0.7698 -0.3741 0.5172
vn 0.7365 0.5839 0.3414
vn 0.8180 -0.5722 0.0582
vn 0.9552 0.1790 0.2355
vn 0.6675 -0.6007 -0.4400
vn 0.8779 -0.0274 -0.4780
vn -0.0030 0.0292 -0.9996
vn -0.6675 -0.6007 -0.4400
vn -0.8180 -0.5722 0.0582
vn -0.9552 0.1790 0.2355
vn -0.7365 0.5839 0.3414
vn -0.0106 0.5534 0.8328
vn -0.0127 0.8344 0.5510
vn 0.7457 0.5740 0.3383
vn -0.0111 0.8813 0.4724
vn 0.7631 -0.3710 0.5292
vn -0.0086 -0.0686 0.9976
vn 0.8684 0.0890 0.4878
vn 0.0100 0.2530 0.9674
vn -0.8744 0.0387 0.4836
vn -0.8740 -0.0591 -0.4824
vn -0.8779 -0.0274 -0.4780
vn 0.0069 -0.0634 -0.9980
vn 0.0030 0.0292 -0.9996
vn 0.8704 -0.0211 -0.4920
vn 0.8744 0.0387 0.4836
vn -0.0100 0.2530 0.9674
vn 0.0106 0.5534 0.8328
vn -0.8684 0.0890 0.4878
vn -0.9569 0.1929 0.2173
vn -0.8719 -0.0263 -0.4890
vn -0.8704 -0.0211 -0.4920
vn -0.0069 -0.0634 -0.9980
vn -0.9380 0.2315 0.2580
vn -0.9101 0.2299 -0.3448
vn -0.4673 -0.0823 -0.8802
vn -0.0033 0.0482 -0.9988
vn -0.0062 0.9017 -0.4323
vn 0.3797 0.8881 -0.2590
vn 0.3325 0.9418 -0.0502
vn 0.9977 -0.0226 -0.0640
vn 0.8032 -0.5586 0.2068
vn -0.5652 0.6419 -0.5182
vn -0.6320 0.6478 -0.4253
vn -0.7777 0.5974 0.1957
vn -0.7712 0.5972 0.2202
vn -0.5219 0.6746 0.5221
vn -0.4325 0.6472 0.6278
vn -0.4834 0.4948 0.7222
vn -0.5002 0.4895 0.7143
vn -0.8074 -0.5887 0.0403
vn -0.7457 0.5740 0.3383
vn 0.0127 0.8344 0.5510
vn -0.6583 -0.6069 -0.4452
vn -0.0050 -0.3952 -0.9186
vn -0.5081 -0.4762 -0.7177
vn 0.3443 -0.1419 -0.9281
vn -0.2018 -0.0687 0.9770
vn 0.8054 -0.2812 0.5217
vn 0.5761 0.7744 -0.2615
vn -0.5761 0.7744 -0.2615
vn -0.8054 -0.2812 0.5217
vn 0.2018 -0.0687 0.9770
vn 0.6583 -0.6069 -0.4452
vn 0.8074 -0.5887 0.0403
vn -0.7698 -0.3741 0.5172
vn 0.9569 0.1929 0.2173
vn 0.6271 0.6509 -0.4278
vn 0.5600 0.6385 -0.5279
vn 0.7750 0.5944 0.2146
vn 0.7751 0.6018 0.1924
vn 0.3888 0.6479 0.6550
vn 0.5111 0.6657 0.5438
vn 0.0063 0.7090 -0.7052
vn 0.0075 0.7095 -0.7047
vn -0.3775 0.8877 -0.2634
vn -0.3205 0.9452 0.0619
vn -0.7065 0.0583 -0.7053
vn -0.8281 -0.4307 -0.3588
vn 0.9161 -0.1446 -0.3739
vn 0.9259 0.3151 -0.2082
vn 0.0050 -0.3952 -0.9186
vn 0.7618 0.0011 0.6479
vn 0.4684 -0.0095 0.8835
vn 0.5442 0.0133 0.8388
vn -0.0000 0.0653 0.9979
vn -0.0000 0.0954 0.9954
vn -0.5442 0.0133 0.8388
vn 0.7084 0.0563 -0.7036
vn 0.7678 -0.5559 -0.3185
vn -0.4697 0.1138 0.8755
vn 0.2684 -0.6452 0.7153
vn -0.0078 -0.4001 0.9164
vn 0.0000 -0.4133 -0.9106
vn 0.4131 -0.4428 -0.7958
vn -0.2270 0.3141 0.9219
vn -0.2252 -0.0021 0.9743
vn -0.4811 0.1452 -0.8646
vn 0.8719 -0.0263 -0.4890
vn -0.4489 0.2048 -0.8698
vn 0.2270 0.3141 0.9219
vn 0.8144 0.5234 -0.2505
vn 0.0000 0.6736 -0.7391
vn -0.8144 0.5234 -0.2505
vn 0.0000 0.1206 -0.9927
vn -0.4131 -0.4428 -0.7958
vn 0.8740 -0.0591 -0.4824
vn -0.4684 -0.0095 0.8835
vn -0.7618 0.0011 0.6479
vn -0.9975 -0.0634 -0.0298
vn -0.9600 -0.2799 -0.0037
vn 0.2252 -0.0021 0.9743
vn -0.0000 0.3862 0.9224
vn -0.3017 0.2111 0.9297
vn -0.0000 0.3143 0.9493
vn 0.2278 0.3543 0.9070
vn 0.2716 0.3039 0.9132
vn 0.8078 -0.5815 0.0965
vn -0.9259 0.3151 -0.2082
vn -0.2278 0.3543 0.9070
vn -0.2716 0.3039 0.9132
vn 0.3017 0.2111 0.9297
vn 0.9380 0.2315 0.2580
vn 0.6269 0.5810 0.5191
vn 0.6161 0.5723 0.5412
vn 0.6180 0.5738 0.5374
vn 0.6285 0.5823 0.5157
vn -0.6294 0.5774 0.5200
vn -0.6123 0.5779 0.5396
vn -0.6152 0.5778 0.5363
vn -0.6321 0.5773 0.5168
vn -0.4331 0.4614 0.7743
vn -0.4605 0.4582 0.7603
vn 0.3260 0.4599 0.8260
vn 0.4456 0.4529 0.7722
vn 0.4561 0.4694 0.7561
vn 0.3123 0.4708 0.8251
vn -0.3365 0.4642 0.8193
vn -0.3331 0.4774 0.8131
vn 0.5090 0.5009 0.7000
vn 0.5171 0.4954 0.6980
# 221 vertex normals

vt 0.9810 -0.4725 0.0000
vt 0.9893 -0.3372 0.0000
vt 0.8941 -0.3070 0.0000
vt 0.9881 -0.2308 0.0000
vt 0.9287 -0.2308 0.0000
vt 0.9881 -0.1712 0.0000
vt 0.9287 -0.1713 0.0000
vt 0.8732 -0.2591 0.0000
vt 0.8320 -0.4007 0.0000
vt 0.8014 -0.2591 0.0000
vt 0.7476 -0.3183 0.0000
vt 0.7476 -0.2277 0.0000
vt 0.6959 -0.3183 0.0000
vt 0.6959 -0.2277 0.0000
vt 0.6231 -0.3286 0.0000
vt 0.6231 -0.2277 0.0000
vt 0.5501 -0.3209 0.0000
vt 0.5788 -0.1793 0.0000
vt 0.5501 -0.2230 0.0000
vt 0.5356 -0.1643 0.0000
vt 0.5356 -0.2230 0.0000
vt 0.9881 -0.4857 0.0000
vt 0.9084 -0.4888 0.0000
vt 0.9012 -0.4187 0.0000
vt 0.8355 -0.4754 0.0000
vt 0.7566 -0.4312 0.0000
vt 0.7003 -0.4776 0.0000
vt 0.6944 -0.4374 0.0000
vt 0.6271 -0.4899 0.0000
vt 0.6267 -0.4676 0.0000
vt 0.5441 -0.4582 0.0000
vt 0.6255 -0.0557 0.0000
vt 0.5356 -0.0557 0.0000
vt 0.3312 -0.1971 0.0000
vt 0.2127 -0.1971 0.0000
vt 0.2800 -0.1316 0.0000
vt 0.1933 -0.1328 0.0000
vt 0.2127 -0.0673 0.0000
vt 0.0130 -0.0673 0.0000
vt 0.3074 -0.0078 0.0000
vt 0.0866 -0.0073 0.0000
vt 0.1352 -0.1408 0.0000
vt 0.1112 -0.1458 0.0000
vt 0.1130 -0.1971 0.0000
vt 0.0130 -0.1965 0.0000
vt 0.7476 -0.0557 0.0000
vt 0.8014 -0.2248 0.0000
vt 0.8122 -0.0557 0.0000
vt 0.8732 -0.2248 0.0000
vt 0.9287 -0.1194 0.0000
vt 0.6442 -0.9360 0.0000
vt 0.5934 -0.8644 0.0000
vt 0.6442 -0.8644 0.0000
vt 0.7162 -0.9122 0.0000
vt 0.7408 -0.9886 0.0000
vt 0.8108 -0.9122 0.0000
vt 0.9012 -0.9886 0.0000
vt 0.9012 -0.9122 0.0000
vt 0.9915 -0.9122 0.0000
vt 0.8108 -0.8644 0.0000
vt 0.7162 -0.8644 0.0000
vt 0.8110 -0.7611 0.0000
vt 0.7540 -0.7611 0.0000
vt 0.7540 -0.8528 0.0000
vt 0.8108 -0.8528 0.0000
vt 0.9012 -0.7611 0.0000
vt 0.9012 -0.8528 0.0000
vt 0.9915 -0.7611 0.0000
vt 0.9915 -0.8528 0.0000
vt 0.6775 -0.0557 0.0000
vt 0.5139 -0.1316 0.0000
vt 0.5139 -0.0673 0.0000
vt 0.3827 -0.0673 0.0000
vt 0.3312 -0.0673 0.0000
vt 0.1492 -0.4524 0.0000
vt 0.1199 -0.4524 0.0000
vt 0.1492 -0.6377 0.0000
vt 0.1199 -0.6377 0.0000
vt 0.1492 -0.4260 0.0000
vt 0.1199 -0.4260 0.0000
vt 0.1492 -0.5205 0.0000
vt 0.1199 -0.5205 0.0000
vt 0.9880 -0.7071 0.0000
vt 0.9419 -0.6713 0.0000
vt 0.9419 -0.7433 0.0000
vt 0.9005 -0.6614 0.0000
vt 0.9005 -0.7499 0.0000
vt 0.8038 -0.6756 0.0000
vt 0.8038 -0.7400 0.0000
vt 0.7863 -0.7071 0.0000
vt 0.5429 -0.5268 0.0000
vt 0.6285 -0.5372 0.0000
vt 0.6991 -0.5532 0.0000
vt 0.7584 -0.5346 0.0000
vt 0.1199 -0.5734 0.0000
vt 0.1492 -0.5734 0.0000
vt 0.1199 -0.4978 0.0000
vt 0.1492 -0.4978 0.0000
vt 0.9915 -0.9886 0.0000
vt 0.3827 -0.1299 0.0000
vt 0.7584 -0.4831 0.0000
vt 0.7584 -0.5024 0.0000
vt 0.4176 -0.8541 0.0000
vt 0.4787 -0.8541 0.0000
vt 0.4085 -0.8254 0.0000
vt 0.4787 -0.7001 0.0000
vt 0.3698 -0.7001 0.0000
vt 0.4085 -0.5748 0.0000
vt 0.0130 -0.1455 0.0000
vt 0.0130 -0.4542 0.0000
vt 0.1112 -0.4035 0.0000
vt 0.1130 -0.4548 0.0000
vt 0.2268 -0.5438 0.0000
vt 0.3580 -0.5438 0.0000
vt 0.2268 -0.6064 0.0000
vt 0.5139 -0.1971 0.0000
vt 0.3580 -0.6735 0.0000
vt 0.3580 -0.6080 0.0000
vt 0.1515 -0.4843 0.0000
vt 0.3827 -0.1971 0.0000
vt 0.5472 -0.6005 0.0000
vt 0.6255 -0.6504 0.0000
vt 0.9890 -0.5804 0.0000
vt 0.9127 -0.5294 0.0000
vt 0.9098 -0.5032 0.0000
vt 0.9287 -0.0557 0.0000
vt 0.2268 -0.6735 0.0000
vt 0.0130 -0.4032 0.0000
vt 0.4787 -0.5461 0.0000
vt 0.4176 -0.5461 0.0000
vt 0.0130 -0.3250 0.0000
vt 0.4632 -0.9944 0.0000
vt 0.3885 -0.9944 0.0000
vt 0.4632 -0.8670 0.0000
vt 0.6223 -0.9356 0.0000
vt 0.6224 -0.9939 0.0000
vt 0.5379 -0.9944 0.0000
vt 0.1753 -0.6735 0.0000
vt 0.1199 -0.6566 0.0000
vt 0.1199 -0.7625 0.0000
vt 0.1492 -0.7625 0.0000
vt 0.1492 -0.6566 0.0000
vt 0.1199 -0.6982 0.0000
vt 0.1492 -0.6982 0.0000
vt 0.1492 -0.7247 0.0000
vt 0.1199 -0.7247 0.0000
vt 0.1199 -0.6642 0.0000
vt 0.1199 -0.5886 0.0000
vt 0.1492 -0.5886 0.0000
vt 0.1492 -0.6642 0.0000
vt 0.1199 -0.5130 0.0000
vt 0.1492 -0.5130 0.0000
# 152 texture coords

g XBRL_BODY_04
usemtl Material__35
s 1
f 218/170/227 219/171/228 220/172/229 
s 2
f 219/171/228 221/173/230 220/172/229 
s 3
f 220/172/229 221/173/230 222/174/231 
s 4
f 221/173/230 223/175/232 222/174/231 
s 5
f 222/174/231 223/175/232 224/176/233 
s 6
f 223/175/232 225/173/234 224/176/233 
s 7
f 224/176/233 225/173/234 226/174/235 
s 8
f 225/173/236 227/172/237 226/174/235 
s 9
f 226/174/235 227/172/237 228/177/238 
s 10
f 227/172/237 229/178/239 228/177/238 
s 11
f 228/177/238 229/178/239 230/179/240 
s 12
f 229/178/239 231/180/241 230/179/240 
s 13
f 230/179/240 231/180/241 232/181/242 
s 14
f 231/180/241 233/182/243 232/181/242 
s 15
f 232/181/242 233/182/243 234/183/244 
s 16
f 233/182/245 235/184/246 234/183/244 
s 17
f 234/183/244 235/184/246 236/185/247 
s 18
f 235/184/246 237/186/248 236/185/247 
s 19
f 236/185/247 237/186/248 238/187/249 
s 20
f 237/186/248 225/188/234 238/187/249 
s 21
f 238/187/249 225/188/234 239/189/250 
s 22
f 225/188/234 223/190/232 239/189/250 
s 23
f 239/189/250 223/190/232 221/188/230 
s 24
f 240/191/251 218/170/227 241/192/252 
s 25
f 218/170/227 242/193/253 241/192/252 
s 26
f 241/192/252 242/193/253 243/194/254 
s 27
f 242/193/253 244/178/255 243/194/254 
s 28
f 243/194/254 244/178/255 245/195/256 
s 29
f 244/178/255 246/180/257 245/195/256 
s 30
f 245/195/256 246/180/257 247/196/258 
s 31
f 246/180/257 248/197/259 247/196/258 
s 32
f 247/196/260 248/197/259 249/198/261 
s 33
f 248/197/259 250/199/262 249/198/261 
s 34
f 249/198/261 250/199/262 218/200/227 
s 35
f 250/199/262 251/184/263 218/200/227 
s 36
f 218/200/227 251/184/263 219/186/228 
s 37
f 251/184/263 252/185/264 219/186/228 
s 38
f 219/186/228 252/185/264 253/187/265 
s 39
f 252/185/264 254/201/266 253/187/265 
s 40
f 253/187/265 254/201/266 239/189/250 
s 41
f 254/201/266 255/202/267 239/189/250 
s 42
f 239/189/250 255/202/267 256/201/268 
s 43
f 257/203/269 258/204/270 259/205/271 
s 44
f 258/204/270 260/206/272 259/205/271 
s 45
f 259/205/271 260/206/272 261/207/273 
s 46
f 260/206/272 262/208/274 261/207/273 
s 47
f 261/207/273 262/208/274 263/209/275 
s 48
f 262/208/274 264/210/276 263/209/275 
s 49
f 263/209/275 264/210/276 265/207/277 
s 50
f 264/210/276 266/208/278 265/207/277 
s 51
f 265/207/277 266/208/278 267/206/279 
s 52
f 266/208/278 268/211/280 267/206/279 
s 53
f 267/206/279 268/211/280 269/204/281 
s 54
f 268/211/280 270/212/282 269/204/281 
s 55
f 269/204/281 270/212/282 271/213/283 
s 56
f 270/212/282 272/214/284 271/213/283 
s 57
f 250/199/262 248/197/259 251/184/263 
s 58
f 248/197/259 273/182/285 251/184/263 
s 59
f 251/184/263 273/182/285 274/183/286 
s 60
f 273/182/285 275/181/287 274/183/286 
s 61
f 274/183/286 275/181/287 276/215/288 
s 62
f 275/181/287 277/216/289 276/215/288 
s 63
f 276/215/288 277/216/289 278/217/290 
s 64
f 277/216/291 279/218/292 278/217/290 
s 65
f 278/217/290 279/218/292 280/219/293 
s 66
f 279/218/292 224/176/233 280/219/293 
s 67
f 280/219/293 224/176/233 281/218/294 
s 68
f 224/176/233 226/174/235 281/218/294 
s 69
f 281/218/294 226/174/235 228/177/238 
s 70
f 237/186/248 235/184/246 218/200/227 
s 71
f 235/184/246 282/199/295 218/200/227 
s 72
f 218/200/227 282/199/295 283/198/296 
s 73
f 282/199/295 284/197/297 283/198/296 
s 74
f 283/198/296 284/197/297 285/196/298 
s 75
f 284/197/297 231/180/241 285/196/298 
s 76
f 285/196/298 231/180/241 286/195/299 
s 77
f 231/180/241 229/178/239 286/195/299 
s 78
f 286/195/299 229/178/239 287/194/300 
s 79
f 229/178/239 288/193/301 287/194/300 
s 80
f 287/194/300 288/193/301 289/192/302 
s 81
f 288/193/301 218/170/227 289/192/302 
s 82
f 289/192/302 218/170/227 290/191/303 
s 83
f 291/220/304 292/221/305 293/222/306 
s 84
f 292/221/305 294/220/307 293/222/306 
s 85
f 293/222/306 294/220/307 295/223/308 
s 86
f 294/220/307 296/224/309 295/223/308 
s 87
f 295/223/308 296/224/309 297/225/310 
s 88
f 296/224/309 298/226/311 297/225/310 
s 89
f 297/225/310 298/226/311 299/227/312 
s 90
f 298/226/311 300/228/313 299/227/312 
s 91
f 301/226/314 302/224/315 303/225/316 
s 92
f 302/224/315 304/223/317 303/225/316 
s 93
f 303/225/316 304/223/317 305/229/318 
s 94
f 304/223/317 306/230/319 305/229/318 
s 95
f 305/229/318 306/230/319 307/223/320 
s 96
f 306/230/319 308/222/321 307/223/320 
s 97
f 307/223/320 308/222/321 309/220/322 
s 98
f 308/222/321 310/221/323 309/220/322 
s 99
f 311/231/324 312/232/325 305/233/318 
s 100
f 312/232/325 313/231/326 305/233/318 
s 101
f 305/233/318 313/231/326 303/234/316 
s 102
f 313/231/326 314/235/327 303/234/316 
s 103
f 303/234/316 314/235/327 315/236/328 
s 104
f 314/235/327 316/237/329 315/236/328 
s 105
f 315/236/328 316/237/329 317/238/330 
s 106
f 316/237/329 318/236/331 317/238/330 
s 107
f 319/231/332 320/232/333 321/233/334 
s 108
f 320/232/333 322/231/335 321/233/334 
s 109
f 321/233/334 322/231/335 323/234/336 
s 110
f 322/231/335 324/235/337 323/234/336 
s 111
f 323/234/336 324/235/337 325/236/338 
s 112
f 324/235/337 326/237/339 325/236/338 
s 113
f 325/236/338 326/237/339 300/238/313 
s 114
f 326/237/339 299/236/312 300/238/313 
s 115
f 256/201/268 327/239/340 234/183/244 
s 116
f 327/239/340 328/215/341 234/183/244 
s 117
f 234/183/244 328/215/341 232/181/242 
s 118
f 328/215/341 329/216/342 232/181/242 
s 119
f 232/181/242 329/216/342 230/179/240 
s 120
f 329/216/342 281/218/294 230/179/240 
s 121
f 230/179/240 281/218/294 228/177/238 
s 122
f 330/240/343 331/241/344 332/242/345 
s 123
f 331/241/344 263/209/275 332/242/345 
s 124
f 332/242/345 263/209/275 333/243/346 
s 125
f 263/209/275 265/207/277 333/243/346 
s 126
f 333/243/346 265/207/277 334/205/347 
s 127
f 265/207/277 267/206/279 334/205/347 
s 128
f 334/205/347 267/206/348 269/204/281 
s 129
f 335/244/349 336/245/350 337/246/351 
s 130
f 336/245/350 338/247/352 337/246/351 
s 131
f 337/246/351 338/247/352 339/248/353 
s 132
f 338/247/352 340/249/354 339/248/353 
s 133
f 339/248/353 340/249/354 341/250/355 
s 134
f 340/249/354 342/251/356 341/250/355 
s 135
f 343/224/357 291/220/304 344/223/358 
s 136
f 291/220/304 293/222/306 344/223/358 
s 137
f 344/223/358 293/222/306 345/230/359 
s 138
f 293/222/306 295/223/308 345/230/359 
s 139
f 345/230/359 295/223/308 321/229/334 
s 140
f 295/223/308 297/225/310 321/229/334 
s 141
f 292/252/305 291/253/304 294/254/307 
s 142
f 291/253/304 343/255/357 294/254/307 
s 143
f 294/254/307 343/255/357 296/256/309 
s 144
f 343/255/357 346/257/360 296/256/309 
s 145
f 296/256/309 346/257/360 298/258/311 
s 146
f 346/257/360 347/259/361 298/258/311 
s 147
f 222/174/231 224/176/233 348/177/362 
s 148
f 224/176/233 279/218/292 348/177/362 
s 149
f 348/177/362 279/218/292 349/179/363 
s 150
f 279/218/292 277/216/289 349/179/363 
s 151
f 349/179/363 277/216/289 275/181/287 
s 152
f 218/200/227 240/260/251 249/198/261 
s 153
f 240/260/251 350/261/364 249/198/261 
s 154
f 249/198/261 350/261/364 247/196/258 
s 155
f 350/261/364 351/262/365 247/196/258 
s 156
f 247/196/258 351/262/365 352/263/366 
s 157
f 275/181/287 246/180/257 349/179/363 
s 158
f 246/180/257 244/178/255 349/179/363 
s 159
f 349/179/363 244/178/255 348/177/362 
s 160
f 244/178/255 220/172/229 348/177/362 
s 161
f 348/177/362 220/172/229 222/174/231 
s 162
f 353/263/367 354/262/368 285/196/298 
s 163
f 354/262/368 355/261/369 285/196/298 
s 164
f 285/196/298 355/261/369 283/198/296 
s 165
f 355/261/369 290/260/303 283/198/296 
s 166
f 283/198/296 290/260/303 218/200/227 
s 167
f 301/258/314 356/257/370 302/256/315 
s 168
f 356/257/370 357/255/371 302/256/315 
s 169
f 302/256/315 357/255/371 358/254/372 
s 170
f 357/255/371 309/253/322 358/254/372 
s 171
f 358/254/372 309/253/322 310/252/323 
s 172
f 317/228/330 318/227/331 356/226/370 
s 173
f 318/227/331 359/225/373 356/226/370 
s 174
f 356/226/370 359/225/373 357/224/371 
s 175
f 359/225/373 307/223/320 357/224/371 
s 176
f 357/224/371 307/223/320 309/220/322 
s 177
f 360/245/374 361/244/375 362/247/376 
s 178
f 361/244/375 363/246/377 362/247/376 
s 179
f 362/247/376 363/246/377 364/249/378 
s 180
f 363/246/377 365/248/379 364/249/378 
s 181
f 336/264/350 335/265/349 366/266/380 
s 182
f 335/265/349 367/267/381 366/266/380 
s 183
f 366/266/380 367/267/381 360/264/374 
s 184
f 367/267/381 361/265/375 360/264/374 
s 185
f 323/225/336 325/227/338 346/226/360 
s 186
f 325/227/338 300/228/313 346/226/360 
s 187
f 346/226/360 300/228/313 347/268/361 
s 188
f 300/228/313 298/226/311 347/268/361 
s 189
f 263/209/275 368/242/382 369/243/383 
s 190
f 368/242/382 370/269/384 369/243/383 
s 191
f 369/243/383 370/269/384 259/205/271 
s 192
f 370/269/384 257/203/385 259/205/271 
s 193
f 345/230/359 321/229/334 344/223/358 
s 194
f 321/229/334 323/225/336 344/223/358 
s 195
f 344/223/358 323/225/336 343/224/357 
s 196
f 323/225/336 346/226/360 343/224/357 
s 197
f 243/194/254 245/195/256 371/270/386 
s 198
f 245/195/256 247/196/258 371/270/386 
s 199
f 371/270/386 247/196/258 372/271/387 
s 200
f 247/196/258 352/263/366 372/271/387 
s 201
f 356/226/370 373/268/388 317/228/330 
s 202
f 373/268/388 301/226/314 317/228/330 
s 203
f 317/228/330 301/226/314 315/227/328 
s 204
f 301/226/314 303/225/316 315/227/328 
s 205
f 374/272/389 375/273/390 376/274/391 
s 206
f 375/273/390 377/275/392 376/274/391 
s 207
f 376/274/391 377/275/392 378/276/393 
s 208
f 377/275/392 379/277/394 378/276/393 
s 209
f 332/242/345 333/243/346 380/269/395 
s 210
f 333/243/346 334/205/347 380/269/395 
s 211
f 380/269/395 334/205/347 381/203/396 
s 212
f 334/205/347 269/204/281 381/203/396 
s 213
f 382/213/397 383/212/398 258/204/270 
s 214
f 383/212/398 384/211/399 258/204/270 
s 215
f 258/204/270 384/211/399 260/206/272 
s 216
f 384/211/399 262/208/274 260/206/272 
s 217
f 268/211/280 266/208/278 270/212/282 
s 218
f 270/212/282 266/208/278 264/278/276 
s 219
f 272/279/284 383/280/398 382/281/397 
s 220
f 383/212/398 262/208/274 384/211/399 
s 221
f 368/282/382 331/283/344 370/284/384 
s 222
f 264/278/276 272/214/284 270/212/282 
s 223
f 380/269/395 385/285/400 330/240/343 
s 224
f 385/286/400 370/284/384 330/287/343 
s 225
f 330/287/343 370/284/384 331/283/344 
s 226
f 331/283/344 368/282/382 263/288/275 
s 227
f 386/289/401 380/269/395 381/203/396 
s 228
f 330/240/343 332/242/345 380/269/395 
s 229
f 256/201/268 234/183/244 236/185/247 
s 230
f 218/170/227 227/172/237 237/171/248 
s 231
f 240/260/251 387/290/402 388/291/403 
s 232
f 284/197/297 235/184/246 233/182/243 
s 233
f 286/195/299 287/194/300 389/270/404 
s 234
f 318/236/331 316/237/329 390/235/405 
s 235
f 390/235/405 359/234/373 318/236/331 
s 236
f 304/223/317 308/222/321 306/230/319 
s 237
f 386/289/401 385/285/400 380/269/395 
s 238
f 281/218/294 391/217/406 280/219/293 
s 239
f 239/189/250 256/201/268 238/187/249 
s 240
f 256/201/268 236/185/247 238/187/249 
s 241
f 229/178/239 227/172/237 288/193/301 
s 242
f 373/259/388 356/257/370 301/258/314 
s 243
f 304/223/317 302/224/315 358/220/372 
s 244
f 358/220/372 310/221/323 308/222/321 
s 245
f 290/191/303 392/292/407 393/293/408 
s 246
f 218/170/227 220/172/229 242/193/253 
s 247
f 240/191/251 394/294/409 395/293/410 
s 248
f 396/295/411 278/217/290 280/219/293 
s 249
f 397/296/412 370/284/384 385/286/400 
s 250
f 297/234/310 398/235/413 319/231/332 
s 251
f 383/280/398 272/279/284 264/297/276 
s 252
f 235/184/246 284/197/297 282/199/295 
s 253
f 369/243/383 259/205/271 261/207/273 
s 254
f 377/275/392 399/298/414 379/277/394 
s 255
f 379/277/394 399/298/414 400/299/415 
s 256
f 285/196/298 286/195/416 389/270/417 
s 257
f 264/297/276 262/300/274 383/280/398 
s 258
f 358/220/372 308/222/321 304/223/317 
s 259
f 355/261/369 401/291/418 290/260/303 
s 260
f 284/197/297 233/182/243 231/180/241 
s 261
f 329/216/342 391/217/406 281/218/294 
s 262
f 329/216/342 328/215/341 391/217/406 
s 263
f 305/229/318 307/223/320 359/225/373 
s 264
f 297/234/310 319/231/332 321/233/334 
s 265
f 241/192/252 394/294/409 240/191/251 
s 266
f 402/301/419 403/302/420 404/303/421 
s 267
f 405/304/422 406/305/423 404/303/421 
s 268
f 290/191/303 394/294/409 289/192/424 
s 269
f 311/231/324 305/233/318 359/234/373 
s 270
f 359/234/373 390/235/405 311/231/324 
s 271
f 280/219/293 391/217/406 396/295/411 
s 272
f 393/293/408 394/294/409 290/191/303 
s 273
f 288/193/301 227/172/237 218/170/227 
s 274
f 227/172/237 225/173/234 237/171/248 
s 275
f 407/271/425 353/263/367 285/196/298 
s 276
f 389/270/417 407/271/425 285/196/298 
s 277
f 401/291/418 392/290/407 290/260/303 
s 278
f 252/185/264 274/183/286 254/201/266 
s 279
f 252/185/264 251/184/263 274/183/286 
s 280
f 408/304/426 404/303/421 409/305/427 
s 281
f 410/306/428 404/303/421 406/305/423 
s 282
f 398/235/413 299/236/312 326/237/339 
s 283
f 257/307/269 370/284/384 397/296/412 
s 284
f 299/236/312 398/235/413 297/234/310 
s 285
f 369/243/383 261/207/273 263/209/275 
s 286
f 253/187/265 239/189/250 221/188/230 
s 287
f 275/181/287 273/182/285 246/180/257 
s 288
f 253/187/265 221/188/230 219/186/228 
s 289
f 242/193/253 220/172/229 244/178/255 
s 290
f 254/201/266 274/183/286 411/239/429 
s 291
f 411/239/429 274/183/286 276/215/288 
s 292
f 395/293/410 387/292/402 240/191/251 
s 293
f 402/301/419 404/303/421 410/306/428 
s 294
f 409/305/427 404/303/421 403/306/420 
s 295
f 240/260/251 388/291/403 350/261/364 
s 296
f 246/180/257 273/182/285 248/197/259 
s 297
f 412/308/430 413/309/431 414/310/432 
s 298
f 412/308/430 414/310/432 415/311/433 
s 299
f 416/311/434 417/310/435 418/309/436 
s 300
f 416/311/434 418/309/436 419/308/437 
s 301
f 420/312/438 421/313/439 341/314/355 
s 302
f 420/312/438 341/314/355 342/315/356 
s 303
f 422/316/440 423/317/441 424/318/442 
s 304
f 422/316/440 424/318/442 425/319/443 
s 305
f 426/319/444 421/318/439 420/317/438 
s 306
f 426/319/444 420/317/438 427/316/445 
s 307
f 428/249/446 364/320/378 365/321/379 
s 308
f 428/249/446 365/321/379 429/248/447 
s 309
f 428/315/446 429/312/447 424/313/442 
s 310
f 428/315/446 424/313/442 423/314/441 
# 0 polygons - 310 triangles

#
# object XBRL_BODY_05
#

v  0.0000 14.7242 -12.0836
v  9.8056 14.7242 -9.6130
v  0.0000 -7.5304 -20.5157
v  14.3557 -4.0639 -15.5188
v  15.8476 -8.8482 -19.3612
v  22.3796 -1.8688 -8.9346
v  24.4615 -18.6394 -10.0673
v  20.7769 -1.3922 11.5212
v  20.9888 -12.2288 11.5344
v  12.5131 -7.3668 17.8936
v  0.0000 -31.2896 -23.5335
v  -17.4058 -24.3271 -18.4662
v  0.0000 -13.4007 -25.0893
v  -15.8476 -8.8482 -19.3612
v  -14.3557 -4.0639 -15.5188
v  -9.8056 14.7242 -9.6130
v  -22.3796 -1.8688 -8.9346
v  -13.9021 14.7242 -4.3642
v  -0.0000 4.4330 16.9131
v  9.1252 14.7242 11.4205
v  13.9021 14.7242 6.4038
v  13.9021 14.7242 -4.3642
v  -12.5131 -7.3668 17.8936
v  -9.1252 14.7242 11.4205
v  -20.7769 -1.3922 11.5212
v  -13.9021 14.7242 6.4038
v  -24.4614 -18.6394 -10.0673
v  17.4059 -24.3271 -18.4662
v  -20.9888 -12.2288 11.5344
v  -0.0000 14.7242 12.8975
v  11.6698 -3.2641 13.4097
v  0.0000 14.7242 11.7346
v  -11.6698 -3.2641 12.6622
v  -9.1252 14.7242 10.2576
v  -12.9421 -24.3866 15.8401
v  12.9421 -24.3866 16.9614
v  9.1252 14.7242 10.2576
# 37 vertices

vn 0.0000 0.3543 -0.9351
vn 0.4865 0.4441 -0.7524
vn 0.0000 0.5242 -0.8516
vn 0.2340 0.3427 -0.9099
vn 0.1791 0.4890 -0.8537
vn 0.4664 0.3312 -0.8202
vn 0.3684 0.6493 -0.6654
vn 0.9287 0.3053 -0.2105
vn 0.9188 0.0902 -0.3844
vn 0.8528 0.3036 0.4250
vn 0.9880 0.0195 0.1530
vn 0.6048 0.0128 0.7963
vn 0.0000 -0.0866 -0.9962
vn -0.5129 -0.0161 -0.8583
vn 0.0000 0.2259 -0.9742
vn -0.4664 0.3312 -0.8202
vn -0.3178 0.5215 -0.7918
vn -0.4490 0.4163 -0.7906
vn -0.8756 0.3334 -0.3494
vn -0.8267 0.4957 -0.2661
vn -0.0000 0.3274 0.9449
vn 0.3438 0.3122 0.8856
vn 0.4697 0.3933 0.7903
vn 0.8220 0.4719 0.3187
vn 0.8267 0.4957 -0.2661
vn -0.4458 0.2090 0.8704
vn -0.3925 0.3892 0.8333
vn -0.8222 0.2514 0.5106
vn -0.8220 0.4719 0.3187
vn -0.9188 0.0902 -0.3844
vn 0.5129 -0.0161 -0.8583
vn 0.5274 0.3684 -0.7656
vn -0.9051 0.0182 0.4247
vn -0.0000 0.3635 0.9316
vn 0.1491 0.3594 0.9212
vn -0.0080 0.1353 0.9908
vn -0.0116 0.1375 0.9904
vn -0.0500 0.1256 0.9908
vn -0.1579 0.1527 0.9756
vn -0.0369 0.1565 0.9870
vn -0.0427 0.1632 0.9857
vn 0.1568 0.1919 0.9688
# 42 vertex normals

vt 0.5139 -0.1971 0.0000
vt 0.3827 -0.1971 0.0000
vt 0.5139 -0.3741 0.0000
vt 0.3730 -0.3492 0.0000
vt 0.3709 -0.3835 0.0000
vt 0.2982 -0.3510 0.0000
vt 0.2937 -0.4669 0.0000
vt 0.1964 -0.3528 0.0000
vt 0.1922 -0.4545 0.0000
vt 0.1130 -0.3789 0.0000
vt 0.3580 -0.9926 0.0000
vt 0.2150 -0.9590 0.0000
vt 0.3580 -0.8896 0.0000
vt 0.2150 -0.8599 0.0000
vt 0.3580 -0.8505 0.0000
vt 0.2171 -0.8257 0.0000
vt 0.2268 -0.6735 0.0000
vt 0.1423 -0.8274 0.0000
vt 0.1753 -0.6735 0.0000
vt 0.0130 -0.2776 0.0000
vt 0.1130 -0.1971 0.0000
vt 0.2127 -0.1971 0.0000
vt 0.3312 -0.1971 0.0000
vt 0.1130 -0.6366 0.0000
vt 0.0130 -0.5353 0.0000
vt 0.1130 -0.4548 0.0000
vt 0.3580 -0.6735 0.0000
vt 0.1378 -0.9433 0.0000
vt 0.5139 -0.4132 0.0000
vt 0.5139 -0.5162 0.0000
vt 0.3709 -0.4826 0.0000
vt 0.0130 -0.1965 0.0000
vt 0.0895 -0.6422 0.0000
vt 0.1177 -0.7497 0.0000
vt 0.0895 -0.8572 0.0000
vt 0.1176 -0.8573 0.0000
vt 0.0029 -0.8572 0.0000
vt 0.0029 -0.6422 0.0000
vt 0.0130 -0.4542 0.0000
vt 0.1176 -0.6422 0.0000
# 40 texture coords

g XBRL_BODY_05
usemtl Material__29
s 1
f 430/322/448 431/323/449 432/324/450 
s 2
f 431/323/451 433/325/452 432/324/450 
s 3
f 432/324/450 433/325/452 434/326/453 
s 4
f 433/325/454 435/327/455 434/326/453 
s 5
f 434/326/453 435/327/455 436/328/456 
s 6
f 435/327/455 437/329/457 436/328/456 
s 7
f 436/328/456 437/329/457 438/330/458 
s 8
f 437/329/459 439/331/459 438/330/459 
s 9
f 440/332/460 441/333/461 442/334/462 
s 10
f 441/333/461 443/335/463 442/334/462 
s 11
f 442/334/462 443/335/463 432/336/450 
s 12
f 443/335/463 444/337/464 432/336/450 
s 13
f 432/336/450 444/337/464 445/338/465 
s 14
f 444/337/464 446/339/466 445/338/465 
s 15
f 445/338/465 446/339/466 447/340/467 
s 16
f 448/341/468 439/331/469 449/342/470 
s 17
f 439/331/469 437/329/457 449/342/470 
s 18
f 449/342/470 437/329/457 450/343/471 
s 19
f 437/329/457 435/327/455 450/343/471 
s 20
f 450/343/471 435/327/455 451/344/472 
s 21
f 435/327/455 431/323/449 451/344/472 
s 22
f 452/331/473 453/342/474 454/329/475 
s 23
f 453/342/474 455/343/476 454/329/475 
s 24
f 454/329/475 455/343/476 446/327/466 
s 25
f 455/343/476 447/344/467 446/327/466 
s 26
f 452/345/473 448/346/468 453/347/474 
s 27
f 430/348/448 432/336/450 445/338/465 
s 28
f 456/349/477 446/339/466 443/335/463 
s 29
f 446/339/466 444/337/464 443/335/463 
s 30
f 442/350/462 432/324/450 434/326/453 
s 31
f 440/351/460 442/350/462 457/352/478 
s 32
f 433/325/479 431/323/479 435/327/479 
s 33
f 436/328/456 457/352/478 434/326/453 
s 34
f 434/326/453 457/352/478 442/350/462 
s 35
f 454/329/475 456/328/477 458/330/480 
s 36
f 459/353/481 448/341/468 449/342/482 
s 37
f 443/335/463 441/333/461 456/349/477 
s 38
f 460/354/483 461/355/484 462/356/485 
s 39
f 463/357/486 462/356/485 461/355/484 
s 40
f 460/354/483 464/358/487 465/359/488 
s 41
f 453/347/474 448/346/468 459/360/481 
s 42
f 456/328/477 454/329/475 446/327/466 
s 43
f 454/329/475 458/330/480 452/331/473 
s 44
f 462/356/485 464/358/487 460/354/483 
s 45
f 466/361/489 461/355/484 460/354/483 
# 0 polygons - 45 triangles

#
# object XBRL_RCALF_01
#

v  -13.4345 -55.2263 2.6523
v  -15.5158 -41.2745 3.9130
v  -13.4345 -55.2263 -4.9854
v  -15.5158 -41.2745 -6.2423
v  -8.2550 -55.2263 -7.4537
v  -8.2550 -41.2745 -9.1244
v  -3.1112 -55.2263 -4.9854
v  -1.5275 -41.2745 -6.2423
v  -3.1112 -55.2263 2.6523
v  -1.5275 -41.2745 3.9130
v  -8.2550 -55.2263 5.2013
v  -8.2550 -38.2114 7.6985
v  -8.1664 -30.1440 8.8211
v  -18.1996 -31.3514 3.7869
v  -8.3297 -41.2846 5.7315
v  -18.9768 -37.9411 5.5648
v  -15.0729 -41.6776 2.6231
v  -19.8779 -33.7589 -7.8654
v  -15.0370 -41.7980 -5.5169
v  -9.0344 -36.4482 -14.1393
v  -8.3003 -41.5101 -8.6808
v  1.0680 -39.5720 -8.1753
v  -2.4578 -42.1719 3.5781
v  2.0453 -33.7589 -7.8512
v  0.9026 -36.4817 6.5633
v  0.0212 -32.1773 -7.7091
v  -8.9526 -32.5533 -12.0015
v  -17.0730 -32.1909 -7.7303
v  1.5957 -30.0627 -8.3262
v  -9.0788 -28.2425 -12.9912
v  -18.1528 -30.0899 -8.2523
# 31 vertices

vn -0.8360 -0.1718 0.5212
vn -0.7935 -0.1656 0.5856
vn -0.8324 -0.1716 -0.5269
vn -0.9669 -0.1620 -0.1971
vn 0.0127 -0.1326 -0.9911
vn -0.3667 -0.1106 -0.9237
vn 0.0179 -0.1258 -0.9919
vn 0.8381 -0.1337 -0.5289
vn 0.6057 -0.1393 -0.7834
vn 0.8442 -0.1425 0.5168
vn 0.9936 -0.1128 0.0000
vn 0.7998 -0.1435 0.5829
vn 0.0061 -0.1507 0.9886
vn 0.0098 -0.1452 0.9894
vn -0.4126 -0.2378 0.8793
vn -0.1898 0.0036 0.9818
vn -0.1275 -0.3757 0.9179
vn -0.6855 -0.2624 0.6792
vn -0.5061 -0.7940 0.3369
vn -0.8179 -0.2043 -0.5379
vn -0.8572 -0.5150 0.0038
vn -0.7012 -0.6057 -0.3760
vn -0.0592 -0.1293 -0.9898
vn 0.0067 -0.8247 -0.5656
vn 0.7396 -0.5474 -0.3915
vn 0.5930 -0.6996 0.3985
vn 0.8190 0.0177 -0.5735
vn 0.7558 -0.5926 0.2788
vn 0.4299 0.0388 -0.9021
vn -0.0234 0.1430 -0.9894
vn -0.4215 0.1470 -0.8949
vn 0.3856 -0.4232 -0.8199
vn 0.3639 -0.1983 -0.9101
vn -0.4333 -0.3619 -0.8254
vn -0.4174 -0.2149 -0.8830
vn -0.9830 0.1460 0.1114
# 36 vertex normals

vt 0.6087 -0.8529 0.0000
vt 0.6087 -0.6927 0.0000
vt 0.5502 -0.8529 0.0000
vt 0.5502 -0.6927 0.0000
vt 0.4906 -0.8529 0.0000
vt 0.4906 -0.6927 0.0000
vt 0.6743 -0.8529 0.0000
vt 0.6743 -0.6624 0.0000
vt 0.7400 -0.6927 0.0000
vt 0.6285 -0.5372 0.0000
vt 0.6991 -0.5532 0.0000
vt 0.6255 -0.6504 0.0000
vt 0.6937 -0.6092 0.0000
vt 0.6865 -0.6504 0.0000
vt 0.7584 -0.5346 0.0000
vt 0.7477 -0.6504 0.0000
vt 0.8355 -0.5642 0.0000
vt 0.8427 -0.6504 0.0000
vt 0.9127 -0.6092 0.0000
vt 0.9845 -0.6504 0.0000
vt 0.9127 -0.5294 0.0000
vt 0.9890 -0.5804 0.0000
vt 0.9098 -0.5032 0.0000
vt 0.8355 -0.5063 0.0000
vt 0.7584 -0.5024 0.0000
vt 0.7400 -0.8529 0.0000
vt 0.5609 -0.6504 0.0000
vt 0.5472 -0.6005 0.0000
vt 0.9084 -0.4888 0.0000
vt 0.8355 -0.4754 0.0000
vt 0.7584 -0.4831 0.0000
# 31 texture coords

g XBRL_RCALF_01
usemtl Material__30
s 1
f 467/362/490 468/363/491 469/364/492 
s 2
f 468/363/491 470/365/493 469/364/492 
s 3
f 469/364/492 470/365/493 471/366/494 
s 4
f 470/365/495 472/367/496 471/366/494 
s 5
f 471/366/494 472/367/496 473/364/497 
s 6
f 472/367/496 474/365/498 473/364/497 
s 7
f 473/364/497 474/365/498 475/362/499 
s 8
f 474/365/500 476/363/501 475/362/499 
s 9
f 475/362/499 476/363/501 477/368/502 
s 10
f 476/363/501 478/369/503 477/368/502 
s 11
f 477/368/502 478/369/503 468/370/491 
s 12
f 479/371/504 480/372/505 481/373/506 
s 13
f 480/372/505 482/374/507 481/373/506 
s 14
f 481/373/506 482/374/507 483/375/508 
s 15
f 482/374/507 484/376/509 483/375/508 
s 16
f 483/375/510 484/376/509 485/377/511 
s 17
f 484/376/509 486/378/512 485/377/511 
s 18
f 485/377/511 486/378/512 487/379/513 
s 19
f 486/378/512 488/380/514 487/379/513 
s 20
f 487/379/513 488/380/514 489/381/515 
s 21
f 488/380/514 490/382/516 489/381/515 
s 22
f 489/381/515 490/382/516 491/383/517 
s 23
f 492/384/518 490/382/516 493/385/519 
s 24
f 490/382/516 486/378/512 493/385/519 
s 25
f 493/385/519 486/378/512 494/386/520 
s 26
f 486/378/512 484/376/509 494/386/520 
s 27
f 477/368/502 468/370/491 467/387/490 
s 28
f 481/373/506 489/388/515 491/389/517 
s 29
f 488/380/514 486/378/512 490/382/516 
s 30
f 495/390/521 492/384/518 493/385/519 
s 31
f 493/385/519 496/391/522 495/390/521 
s 32
f 497/392/523 496/391/524 493/385/519 
s 33
f 493/385/519 494/386/520 497/392/523 
s 34
f 482/374/507 480/372/525 484/376/509 
# 0 polygons - 34 triangles

#
# object BRL_L00_RHAND_01
#

v  -75.1771 42.6353 -6.2331
v  -75.3285 45.4716 -6.2901
v  -72.8567 41.7118 -6.2678
v  -67.2858 43.3071 -5.0355
v  -69.8430 40.5753 -5.8738
v  -67.2767 39.9851 -5.0736
v  -69.8442 38.6765 -3.2630
v  -67.2785 38.1464 -0.9015
v  -69.8540 38.2135 -0.6811
v  -69.8557 36.9887 3.0659
v  -71.2643 37.5754 5.9200
v  -70.8092 38.5249 8.0062
v  -74.9349 38.1518 9.1425
v  -74.6053 37.2239 6.5894
v  -75.1176 40.0152 6.1887
v  -73.4133 40.2211 5.3580
v  -75.2484 40.8989 8.4769
v  -71.2522 42.4877 5.9481
v  -78.7743 37.1278 7.7493
v  -77.5376 36.8377 6.5056
v  -77.9307 38.9290 5.7180
v  -79.1244 39.1646 7.1769
v  -76.3327 42.7954 -3.5947
v  -73.1881 41.8613 -0.6743
v  -77.1031 42.8207 -1.0950
v  -77.1472 43.0210 1.7398
v  -82.1224 44.5904 -0.7983
v  -81.1257 43.8012 -1.0235
v  -86.2124 38.9444 -0.6361
v  -84.5111 38.1050 -0.5114
v  -86.1577 38.8675 1.7021
v  -84.4396 38.0629 1.5474
v  -64.8172 39.8345 -2.6189
v  -64.8172 39.8345 2.6146
v  -67.2895 39.5221 4.5321
v  -76.7440 43.0249 4.6938
v  -77.2420 46.4536 1.7743
v  -81.8980 44.7093 1.6402
v  -79.5562 42.0709 1.6387
v  -67.2875 44.8766 -0.8635
v  -76.9022 46.0299 4.5647
v  -83.1353 41.0786 4.8174
v  -85.0611 41.8878 4.9808
v  -85.3105 41.9703 2.7714
v  -83.3526 41.1282 2.6779
v  -67.2895 43.3071 4.5321
v  -64.8172 42.7898 -2.6189
v  -80.4931 43.5386 2.1808
v  -80.9794 45.9360 4.7833
v  -64.8172 42.7898 2.6146
v  -80.3545 43.3884 4.8728
v  -81.2496 45.9421 2.3203
v  -80.1993 37.8934 -3.2773
v  -79.8340 37.7414 -5.1325
v  -77.8591 38.0698 -4.9055
v  -83.1341 37.2439 -0.8114
v  -82.6681 36.9903 -3.0005
v  -80.7363 36.9102 -2.6935
v  -80.5510 43.2178 -3.3623
v  -77.1152 46.3247 -1.0424
v  -79.1347 41.8173 -0.9840
v  -78.3338 41.3731 -3.4380
v  -77.5003 41.1178 -5.9602
v  -79.4411 42.2998 -5.7892
v  -79.7102 42.7483 -3.8582
v  -76.1599 45.9048 -3.9589
v  -81.1180 36.9916 -0.7236
v  -78.1920 38.1951 -3.2510
# 68 vertices

vn -0.0726 -0.5823 -0.8097
vn -0.1563 0.7491 -0.6437
vn -0.2080 -0.5456 -0.8118
vn 0.1831 0.1146 -0.9764
vn 0.4755 0.4812 -0.7365
vn 0.0452 -0.4219 -0.9055
vn 0.4059 -0.4890 -0.7721
vn -0.2898 -0.9010 -0.3228
vn 0.3075 -0.9412 -0.1400
vn -0.4233 -0.8770 -0.2273
vn -0.2356 -0.9669 -0.0983
vn -0.1032 -0.9946 0.0114
vn 0.4552 -0.3414 0.8223
vn 0.0278 -0.3952 0.9182
vn 0.1041 -0.8886 -0.4467
vn -0.2317 0.5318 -0.8146
vn -0.8826 -0.3376 -0.3271
vn -0.2299 0.8003 0.5538
vn 0.0578 0.5247 0.8493
vn -0.7282 -0.5892 0.3501
vn -0.2035 -0.8635 -0.4614
vn -0.4046 0.2331 -0.8843
vn -0.9132 0.4020 0.0674
vn 0.1738 -0.9776 0.1190
vn -0.5227 -0.8454 -0.1098
vn 0.1633 -0.9815 0.0999
vn -0.2018 -0.9744 0.0987
vn -0.5158 0.6294 -0.5812
vn -0.4471 0.3461 -0.8248
vn -0.8026 -0.1990 -0.5624
vn 0.0563 -0.8167 -0.5744
vn -0.8667 -0.2494 0.4320
vn 0.0976 -0.8192 0.5652
vn 0.6267 -0.6167 -0.4764
vn 0.5814 -0.6267 0.5190
vn 0.6695 -0.4622 0.5815
vn 0.5535 -0.7590 0.3429
vn -0.3601 -0.5441 0.7578
vn -0.0573 0.9983 0.0051
vn -0.5537 0.7418 0.3784
vn 0.3708 -0.6580 0.6554
vn 0.3929 0.9189 -0.0358
vn 0.0568 0.7183 0.6934
vn 0.1574 -0.8192 0.5515
vn -0.7669 -0.1811 0.6157
vn -0.8627 -0.1441 -0.4847
vn 0.0610 -0.7972 -0.6007
vn 0.4788 0.5739 0.6644
vn 0.7082 0.5387 -0.4563
vn 0.0210 -0.5534 -0.8327
vn -0.2777 0.7030 0.6547
vn 0.6325 0.5718 0.5225
vn 0.2069 -0.5651 0.7986
vn -0.4143 0.6912 -0.5921
vn -0.6331 -0.5331 0.5612
vn -0.4904 -0.6899 -0.5325
vn 0.7100 -0.6252 -0.3242
vn -0.7600 -0.4034 0.5096
vn -0.5822 -0.5572 -0.5921
vn 0.4753 -0.7726 -0.4210
vn -0.6472 0.4542 -0.6122
vn -0.1736 0.9693 -0.1741
vn 0.5963 -0.7362 0.3199
vn 0.7126 -0.5889 0.3813
vn 0.4791 -0.4656 -0.7441
vn -0.6782 0.2539 -0.6896
vn -0.6540 0.3186 -0.6861
vn -0.2295 0.9399 -0.2528
vn 0.3159 -0.6747 0.6671
vn 0.5497 -0.4654 0.6937
vn 0.0069 0.0056 1.0000
# 71 vertex normals

vt 0.8499 -0.0469 0.0000
vt 0.9219 -0.0469 0.0000
vt 0.8499 -0.1172 0.0000
vt 0.9219 -0.2578 0.0000
vt 0.8499 -0.2109 0.0000
vt 0.8499 -0.2813 0.0000
vt 0.8047 -0.2109 0.0000
vt 0.7188 -0.2813 0.0000
vt 0.7188 -0.2578 0.0000
vt 0.6608 -0.2228 0.0000
vt 0.6328 -0.1641 0.0000
vt 0.5860 -0.1641 0.0000
vt 0.7319 -0.7748 0.0000
vt 0.7578 -0.7735 0.0000
vt 0.7578 -0.9141 0.0000
vt 0.8047 -0.7969 0.0000
vt 0.8057 -0.9001 0.0000
vt 0.8334 -0.7748 0.0000
vt 0.8334 -0.9001 0.0000
vt 0.7319 -0.6183 0.0000
vt 0.7596 -0.6554 0.0000
vt 0.7596 -0.7777 0.0000
vt 0.8057 -0.6554 0.0000
vt 0.8057 -0.7777 0.0000
vt 0.8334 -0.6496 0.0000
vt 0.7891 -0.0234 0.0000
vt 0.7422 -0.1250 0.0000
vt 0.7578 -0.0234 0.0000
vt 0.7422 -0.0234 0.0000
vt 0.8750 -0.5860 0.0000
vt 0.8501 -0.2891 0.0000
vt 0.6699 -0.2924 0.0000
vt 0.6163 -0.2802 0.0000
vt 0.6719 -0.0234 0.0000
vt 0.6641 -0.1250 0.0000
vt 0.8257 -0.9898 0.0000
vt 0.8263 -0.8606 0.0000
vt 0.8912 -0.8606 0.0000
vt 0.8057 -0.6476 0.0000
vt 0.7596 -0.6476 0.0000
vt 0.7243 -0.6476 0.0000
vt 0.6493 -0.6476 0.0000
vt 0.7823 -0.6219 0.0000
vt 0.8624 -0.3212 0.0000
vt 0.9339 -0.3368 0.0000
vt 0.7596 -0.6497 0.0000
vt 0.7293 -0.6496 0.0000
vt 0.6443 -0.6496 0.0000
vt 0.8380 -0.6497 0.0000
vt 0.8057 -0.6497 0.0000
vt 0.8760 -0.5873 0.0000
vt 0.7319 -0.9001 0.0000
vt 0.8057 -0.8185 0.0000
vt 0.8057 -0.9894 0.0000
vt 0.7642 -0.9894 0.0000
vt 0.7422 -0.9453 0.0000
vt 0.6406 -0.9297 0.0000
vt 0.6406 -0.8282 0.0000
vt 0.8380 -0.9894 0.0000
vt 0.8057 -0.8200 0.0000
vt 0.8499 -0.2810 0.0000
vt 0.9219 -0.2891 0.0000
vt 0.6485 -0.6641 0.0000
vt 0.7266 -0.6641 0.0000
vt 0.7266 -0.8516 0.0000
vt 0.7241 -0.6184 0.0000
vt 0.7642 -0.6575 0.0000
vt 0.7644 -0.8443 0.0000
vt 0.8057 -0.6575 0.0000
vt 0.8380 -0.6575 0.0000
vt 0.8376 -0.8456 0.0000
vt 0.7241 -0.9894 0.0000
vt 0.7241 -0.7873 0.0000
vt 0.7266 -0.9922 0.0000
vt 0.6485 -0.9922 0.0000
vt 0.8751 -0.5871 0.0000
vt 0.7266 -0.8594 0.0000
vt 0.6485 -0.8594 0.0000
vt 0.9427 -0.9898 0.0000
vt 0.9459 -0.8360 0.0000
vt 0.9829 -0.8360 0.0000
vt 0.8907 -0.9898 0.0000
vt 0.9394 -0.8606 0.0000
vt 0.4688 -0.6797 0.0000
vt 0.4688 -0.6328 0.0000
vt 0.4063 -0.6328 0.0000
vt 0.9405 -0.9898 0.0000
vt 0.9405 -0.8293 0.0000
vt 0.8912 -0.8293 0.0000
vt 0.8498 -0.7903 0.0000
vt 0.8912 -0.8059 0.0000
vt 0.8918 -0.6496 0.0000
vt 0.8498 -0.6340 0.0000
vt 0.9532 -0.8360 0.0000
vt 0.9532 -0.6328 0.0000
vt 0.7295 -0.9553 0.0000
vt 0.7384 -0.9553 0.0000
vt 0.7378 -0.6762 0.0000
vt 0.8263 -0.6184 0.0000
vt 0.8907 -0.6406 0.0000
vt 0.8912 -0.8528 0.0000
vt 0.9315 -0.6418 0.0000
vt 0.9405 -0.8059 0.0000
vt 0.6328 -0.8125 0.0000
vt 0.7344 -0.7969 0.0000
vt 0.7163 -0.7826 0.0000
vt 0.6485 -0.8516 0.0000
vt 0.8492 -0.9898 0.0000
vt 0.8498 -0.8059 0.0000
vt 0.7642 -0.8185 0.0000
vt 0.7246 -0.8443 0.0000
vt 0.6336 -0.6219 0.0000
vt 0.6220 -0.3281 0.0000
vt 0.7774 -0.3212 0.0000
vt 0.7032 -0.3239 0.0000
vt 0.8907 -0.6563 0.0000
vt 0.8907 -0.8047 0.0000
vt 0.8438 -0.8594 0.0000
vt 0.8907 -0.8282 0.0000
vt 0.8516 -0.8750 0.0000
vt 0.9339 -0.6219 0.0000
vt 0.7422 -0.8203 0.0000
vt 0.8056 -0.8443 0.0000
vt 0.9394 -0.9898 0.0000
vt 0.9868 -0.9892 0.0000
vt 0.9344 -0.6496 0.0000
vt 0.8380 -0.8200 0.0000
vt 0.8056 -0.8456 0.0000
vt 0.8516 -0.6563 0.0000
vt 0.8438 -0.5938 0.0000
vt 0.8907 -0.8516 0.0000
vt 0.9817 -0.6340 0.0000
vt 0.8263 -0.8528 0.0000
# 133 texture coords

g BRL_L00_RHAND_01
usemtl Material__36
s 1
f 498/393/526 499/394/527 500/395/528 
s 2
f 499/394/529 501/396/530 500/395/528 
s 3
f 500/395/528 501/396/530 502/397/531 
s 4
f 501/396/530 503/398/532 502/397/531 
s 5
f 502/397/531 503/398/532 504/399/533 
s 6
f 503/398/532 505/400/534 504/399/533 
s 7
f 504/399/533 505/400/534 506/401/535 
s 8
f 505/400/534 507/402/536 506/401/535 
s 9
f 506/401/535 507/402/536 508/403/537 
s 10
f 507/402/536 509/404/538 508/403/537 
s 11
f 510/405/539 511/406/540 508/407/537 
s 12
f 511/406/540 512/408/541 508/407/537 
s 13
f 508/407/537 512/408/541 513/409/542 
s 14
f 512/408/541 514/410/543 513/409/542 
s 15
f 513/409/542 514/410/543 515/411/544 
s 16
f 516/412/545 517/413/546 511/414/540 
s 17
f 517/413/546 518/415/547 511/414/540 
s 18
f 511/414/540 518/415/547 512/416/541 
s 19
f 518/415/547 519/417/548 512/416/541 
s 20
f 512/416/541 519/417/548 514/410/543 
s 21
f 498/393/526 500/395/528 520/418/549 
s 22
f 500/395/528 521/419/550 520/418/549 
s 23
f 520/418/549 521/419/550 522/420/551 
s 24
f 521/419/550 523/421/552 522/420/551 
s 25
f 524/422/553 525/422/554 526/422/555 
s 26
f 525/422/554 527/422/556 526/422/555 
s 27
f 526/422/555 527/422/556 528/422/557 
s 28
f 527/422/556 529/422/558 528/422/557 
s 29
f 530/423/559 531/424/560 505/400/534 
s 30
f 531/424/560 532/425/561 505/400/534 
s 31
f 505/400/534 532/425/561 507/402/536 
s 32
f 532/425/561 509/404/538 507/402/562 
s 33
f 533/426/563 523/421/552 513/427/542 
s 34
f 523/421/552 521/419/550 513/427/542 
s 35
f 513/427/542 521/419/550 508/403/537 
s 36
f 521/419/550 506/401/535 508/403/537 
s 37
f 534/428/564 535/429/565 536/430/566 
s 38
f 519/417/548 518/431/547 517/432/546 
s 39
f 517/432/546 516/433/545 519/434/548 
s 40
f 537/435/567 534/436/564 538/437/568 
s 41
f 539/438/569 540/439/570 541/440/571 
s 42
f 541/441/571 542/442/572 539/438/569 
s 43
f 515/422/544 543/422/573 538/422/568 
s 44
f 500/395/528 502/397/531 504/399/533 
s 45
f 544/443/574 501/422/530 537/422/567 
s 46
f 508/407/537 509/444/538 510/405/539 
s 47
f 545/445/575 523/446/552 533/447/563 
s 48
f 514/448/543 510/449/539 509/450/538 
s 49
f 534/451/564 523/446/552 545/452/575 
s 50
f 503/453/532 501/396/530 544/454/574 
s 51
f 505/400/534 503/398/532 530/423/559 
s 52
f 541/455/571 540/456/570 546/457/576 
s 53
f 509/422/538 532/422/561 543/422/573 
s 54
f 547/443/577 543/443/573 532/422/561 
s 55
f 540/458/570 539/459/569 548/460/578 
s 56
f 537/443/567 543/422/573 547/422/577 
s 57
f 504/399/533 506/401/535 521/419/550 
s 58
f 542/461/572 541/462/571 549/463/579 
s 59
f 548/460/578 539/459/569 542/461/572 
s 60
f 533/447/563 538/464/568 546/465/576 
s 61
f 546/457/576 538/466/568 534/467/564 
s 62
f 550/468/580 551/422/581 552/422/582 
s 63
f 553/422/583 554/422/584 555/422/585 
s 64
f 556/469/586 525/470/554 557/467/587 
s 65
f 522/471/551 558/472/588 559/473/589 
s 66
f 523/474/552 536/430/566 558/475/588 
s 67
f 557/476/587 525/477/554 524/478/553 
s 68
f 547/443/577 544/422/574 537/422/567 
s 69
f 520/479/549 559/480/589 560/481/590 
s 70
f 498/474/526 560/481/590 561/482/591 
s 71
f 561/469/591 562/470/592 563/467/593 
s 72
f 560/483/590 552/484/582 551/485/581 
s 73
f 559/473/589 558/486/588 564/487/594 
s 74
f 556/488/586 562/489/592 554/490/584 
s 75
f 528/491/557 529/492/558 536/493/566 
s 76
f 529/492/558 527/494/556 558/475/588 
s 77
f 552/484/582 560/483/590 559/495/589 
s 78
f 562/470/592 561/469/591 551/456/581 
s 79
f 514/496/543 519/455/548 516/456/545 
s 80
f 543/422/573 515/422/544 509/422/538 
s 81
f 516/456/545 510/497/539 514/496/543 
s 82
f 511/414/540 510/498/539 516/412/545 
s 83
f 534/467/564 549/499/579 546/457/576 
s 84
f 561/482/591 499/500/527 498/474/526 
s 85
f 551/485/581 561/501/591 560/483/590 
s 86
f 546/465/576 548/502/578 533/447/563 
s 87
f 548/460/578 546/503/576 540/458/570 
s 88
f 563/467/593 499/466/527 561/469/591 
s 89
f 537/435/567 501/504/530 499/505/527 
s 90
f 557/506/587 534/436/564 537/435/567 
s 91
f 563/507/593 557/506/587 537/435/567 
s 92
f 555/422/585 554/422/584 562/422/592 
s 93
f 565/508/595 559/509/589 562/510/592 
s 94
f 564/508/594 558/511/588 525/512/554 
s 95
f 538/437/568 543/513/573 537/435/567 
s 96
f 499/505/527 563/507/593 537/435/567 
s 97
f 551/456/581 550/455/580 562/470/592 
s 98
f 546/457/576 549/499/579 541/455/571 
s 99
f 524/469/553 535/470/565 534/467/564 
s 100
f 526/456/555 528/455/557 535/470/565 
s 101
f 535/470/565 524/469/553 526/456/555 
s 102
f 555/422/585 564/422/594 553/422/583 
s 103
f 552/422/582 565/422/595 550/422/580 
s 104
f 533/422/563 513/422/542 515/422/544 
s 105
f 509/450/538 515/514/544 514/448/543 
s 106
f 542/461/572 545/515/575 548/460/578 
s 107
f 533/447/563 548/502/578 545/445/575 
s 108
f 558/475/588 522/516/551 523/474/552 
s 109
f 559/473/589 520/517/549 522/471/551 
s 110
f 559/495/589 565/518/595 552/484/582 
s 111
f 560/481/590 498/474/526 520/479/549 
s 112
f 545/452/575 549/519/579 534/451/564 
s 113
f 549/463/579 545/520/575 542/461/572 
s 114
f 536/430/566 523/474/552 534/428/564 
s 115
f 525/422/554 558/422/588 527/422/556 
s 116
f 562/422/592 559/422/589 555/422/585 
s 117
f 525/512/554 553/521/583 564/508/594 
s 118
f 562/510/592 550/522/580 565/508/595 
s 119
f 515/422/544 538/422/568 533/422/563 
s 120
f 554/456/584 553/455/583 525/470/554 
s 121
f 563/476/593 562/477/592 556/478/586 
s 122
f 504/399/533 521/419/550 500/395/528 
s 123
f 558/475/588 536/523/566 529/492/558 
s 124
f 564/487/594 555/524/585 559/473/589 
s 125
f 534/467/564 557/466/587 524/469/553 
s 126
f 557/467/587 563/466/593 556/469/586 
s 127
f 525/470/554 556/469/586 554/456/584 
s 128
f 536/493/596 535/525/596 528/491/596 
s 129
f 544/454/574 530/423/559 503/453/532 
s 130
f 532/422/561 531/422/560 547/443/577 
# 0 polygons - 130 triangles

#
# object XBRL_SKULL_01
#

v  -5.5163 55.6287 2.0389
v  -5.0885 55.5974 2.2795
v  -6.0334 55.2031 3.0478
v  -5.5895 55.1719 3.2884
v  -6.4602 55.8492 3.9761
v  -6.0029 55.8180 4.2167
v  -6.3698 56.9208 3.8955
v  -5.9153 56.8895 4.1361
v  -5.8526 57.3463 2.8865
v  -5.4144 57.3151 3.1272
v  -5.4259 56.7003 1.9582
v  -5.0009 56.6690 2.1988
v  5.0885 55.5974 2.2795
v  5.5163 55.6287 2.0389
v  5.5895 55.1719 3.2884
v  6.0334 55.2031 3.0478
v  6.0029 55.8180 4.2167
v  6.4602 55.8492 3.9761
v  5.9153 56.8895 4.1361
v  6.3698 56.9208 3.8955
v  5.4144 57.3151 3.1272
v  5.8526 57.3463 2.8865
v  5.0010 56.6690 2.1988
v  5.4259 56.7003 1.9582
v  -4.7195 56.1198 3.6205
v  -5.8302 56.4526 2.4929
v  -4.5456 56.4241 2.5974
v  -7.1373 57.4327 1.0671
v  -5.1842 57.6207 0.9452
v  -7.9322 59.8219 0.5875
v  -5.7814 60.0441 0.6562
v  -7.9401 61.6256 1.2349
v  -6.3221 60.9239 2.0456
v  -7.2896 61.7427 2.1793
v  -6.1744 60.1031 3.4789
v  1.1035 65.0630 9.4984
v  4.1767 66.1464 8.0673
v  5.0150 65.1242 8.2923
v  5.6725 66.2359 5.5699
v  6.1374 66.7750 8.9354
v  5.9982 68.5254 6.3513
v  7.5826 69.7757 5.8970
v  0.0000 69.9391 6.9141
v  2.3510 71.7271 7.3752
v  7.9401 61.6256 1.2349
v  7.9322 59.8219 0.5875
v  5.7814 60.0441 0.6562
v  7.1373 57.4327 1.0671
v  5.1842 57.6207 0.9452
v  5.8302 56.4526 2.4929
v  4.5456 56.4241 2.5974
v  4.7195 56.1198 3.6205
v  -13.1830 66.0555 -0.6540
v  -5.9982 68.5254 6.3513
v  -6.1374 66.7750 7.9384
v  -5.6725 66.2359 5.5699
v  -5.0150 64.6939 7.3343
v  -4.1767 66.1464 8.0673
v  -1.1035 65.1743 9.4984
v  7.4963 68.6626 9.2587
v  2.3268 70.4965 10.8043
v  0.0000 68.5944 8.4235
v  -2.3510 71.7271 7.3752
v  0.0000 67.1868 9.0805
v  2.3752 68.0839 10.1436
v  13.1830 64.2025 0.7435
v  7.2896 61.7427 2.1793
v  6.1744 60.1031 3.4789
v  -7.4963 68.6626 8.2617
v  -2.3752 68.0839 10.1436
v  -2.3268 70.4965 10.8043
v  2.0530 73.6912 5.6172
v  9.7527 72.8243 4.4290
v  5.8791 74.9673 4.6053
v  10.4517 79.6514 4.3885
v  -6.2773 65.7535 -7.4775
v  -18.2482 75.6079 -14.6631
v  -6.6807 70.5600 -5.0703
v  -8.0383 69.3771 0.2642
v  -12.0922 78.5730 -10.9790
v  -7.1982 74.8640 -2.8320
v  -5.8035 67.3995 10.7762
v  -4.3255 64.3987 10.8866
v  -2.3752 68.5856 12.2938
v  -1.0987 65.3537 11.8913
v  0.0000 67.4749 10.1535
v  0.0000 64.2492 9.7496
v  -6.0798 62.0207 3.8353
v  -5.5372 60.3937 5.5351
v  -4.0198 54.4585 5.4795
v  -4.4301 54.4510 3.6117
v  5.5372 60.3937 5.5351
v  4.0198 54.4585 5.4795
v  4.4301 54.4510 3.6117
v  3.9502 54.3842 3.1733
v  -3.9502 54.3842 3.1733
v  -9.4412 59.9691 0.7045
v  -13.9508 62.5303 -18.9885
v  0.0000 65.8913 -12.0864
v  6.0798 62.0207 3.8353
v  4.1603 62.7343 8.8053
v  -7.5826 69.7757 5.8970
v  -8.5784 63.9358 -3.8821
v  -9.7527 72.8243 4.4290
v  -10.4517 79.6514 4.3885
v  -9.5490 72.3933 -0.1483
v  6.0483 65.3617 4.3469
v  -20.6224 68.6147 -13.4510
v  -5.2658 74.2721 0.9410
v  -6.7947 61.3628 -1.3223
v  -9.3441 57.4164 -16.7684
v  0.0000 62.6821 -11.2007
v  0.0000 60.9483 -10.8092
v  0.0000 73.8521 -5.0277
v  -2.1141 59.0165 -10.2277
v  -7.9578 53.2173 -12.1201
v  -6.0568 58.3031 -10.4217
v  -4.0853 58.2722 -1.5672
v  -4.2526 61.6451 -8.2870
v  -6.6977 82.9687 -5.4713
v  6.3221 60.9239 2.0456
v  -13.2089 72.9492 -19.3988
v  0.0000 71.6026 -9.2976
v  12.0923 78.5730 -10.9790
v  7.1982 74.8640 -2.8320
v  8.0383 69.3771 0.2642
v  -5.8791 74.9673 4.6053
v  -2.0530 73.6912 5.6172
v  5.8035 67.3995 12.6868
v  -17.4830 63.2379 -16.0673
v  2.3752 68.5856 12.2938
v  6.0568 58.3031 -10.4217
v  7.9578 52.3750 -12.1201
v  2.1141 59.5658 -9.7908
v  4.0853 58.2722 -1.5672
v  4.2526 61.6451 -8.2870
v  17.4830 63.2379 -16.0673
v  4.3508 57.3956 2.1315
v  16.0625 57.4519 -13.2583
v  -6.0483 65.3617 4.3469
v  20.6224 68.6147 -13.4510
v  6.7947 61.3628 -1.3223
v  8.5784 63.9358 -3.8821
v  1.0987 65.3537 11.8913
v  -4.1603 62.7343 8.8053
v  4.3255 64.3987 12.2479
v  -16.0625 57.4519 -13.2583
v  0.0000 57.7037 -5.8752
v  -4.3508 57.3956 2.1315
v  6.2773 65.7535 -7.4775
v  13.9508 64.3894 -18.9885
v  6.6977 82.9687 -5.4713
v  5.2658 74.2721 0.9410
v  10.1693 57.9297 -16.7684
v  6.6807 70.5600 -5.0703
v  13.2089 72.9492 -19.3988
v  1.7522 52.0692 -14.0856
v  9.5490 72.3933 -0.1483
v  18.2482 75.6079 -14.6631
v  9.4412 59.9691 10.1003
# 160 vertices

vn 0.3596 -0.5984 -0.7160
vn 0.1192 -0.9352 -0.3333
vn -0.0982 -0.9937 0.0533
vn 0.1165 -0.9345 -0.3363
vn -0.0756 -0.9971 0.0100
vn -0.4441 -0.4314 0.7853
vn -0.2960 -0.8408 0.4533
vn -0.4432 -0.4326 0.7851
vn -0.3333 0.6195 0.7107
vn -0.3692 0.5270 0.7655
vn 0.1107 0.9912 -0.0720
vn -0.1177 0.9346 0.3357
vn 0.0984 0.9940 -0.0479
vn 0.4676 0.4294 -0.7726
vn 0.4675 0.4337 -0.7702
vn 0.4818 -0.1048 -0.8700
vn -0.3472 -0.6266 -0.6977
vn -0.3587 -0.5983 -0.7165
vn 0.1106 -0.9909 0.0766
vn 0.0646 -0.9979 -0.0102
vn 0.4436 -0.4340 0.7841
vn 0.2948 -0.8425 0.4508
vn 0.4432 -0.4329 0.7850
vn 0.3415 0.5998 0.7236
vn 0.3342 0.6195 0.7103
vn -0.0988 0.9939 -0.0498
vn -0.1122 0.9910 -0.0733
vn -0.4666 0.4354 -0.7699
vn -0.4680 0.4309 -0.7715
vn -0.9249 -0.3645 0.1086
vn -0.3520 -0.9236 -0.1522
vn -0.2986 -0.8298 -0.4715
vn -0.3842 -0.5678 -0.7280
vn 0.0224 -0.5561 -0.8308
vn -0.8343 -0.0583 -0.5482
vn -0.9746 -0.1415 -0.1736
vn -0.9376 0.3455 0.0405
vn 0.6076 0.7929 -0.0462
vn 0.5367 0.7089 -0.4576
vn -0.2551 0.8859 0.3874
vn -0.9563 -0.1336 0.2601
vn 0.1533 -0.9856 -0.0712
vn 0.1001 -0.7547 -0.6484
vn -0.0175 -0.7395 -0.6729
vn 0.8986 -0.2872 0.3318
vn 0.9821 -0.1426 0.1234
vn 0.8828 -0.4579 -0.1046
vn 0.3816 0.6467 -0.6605
vn -0.0163 0.8531 0.5215
vn -0.1764 0.9514 -0.2525
vn 0.6571 0.7259 -0.2034
vn 0.4100 0.0192 -0.9119
vn 0.9730 -0.1567 -0.1694
vn 0.7058 -0.5982 -0.3795
vn 0.0018 -0.5465 -0.8374
vn 0.6448 -0.7463 0.1650
vn 0.3003 -0.8286 -0.4725
vn 0.9283 -0.3573 0.1028
vn -0.6165 -0.2362 -0.7511
vn -0.6491 -0.3763 -0.6611
vn -0.9910 -0.0365 0.1284
vn -0.8917 -0.2824 0.3537
vn 0.7029 -0.3233 -0.6336
vn 0.0538 0.0637 -0.9965
vn -0.0896 -0.9919 -0.0900
vn 0.6308 0.2369 0.7389
vn -0.1723 0.5208 0.8361
vn -0.0000 0.6892 0.7245
vn 0.1612 0.9357 -0.3137
vn -0.0000 0.8214 0.5703
vn -0.0306 0.6821 0.7306
vn 0.5893 -0.4146 -0.6934
vn 0.2551 0.8859 0.3874
vn 0.9476 -0.1449 0.2847
vn 0.8342 -0.1724 0.5239
vn -0.6924 0.1461 0.7066
vn -0.0240 0.7317 0.6812
vn 0.1291 0.5041 0.8539
vn -0.6040 0.6909 0.3972
vn 0.7819 -0.2327 0.5784
vn -0.2821 0.6782 0.6786
vn 0.4076 0.8811 0.2398
vn -0.7423 0.0971 -0.6630
vn -0.6334 0.4725 -0.6128
vn -0.6650 0.4312 -0.6098
vn -0.8550 0.5084 0.1027
vn -0.6441 0.5321 -0.5495
vn -0.7487 0.5646 0.3475
vn -0.7197 0.4955 0.4863
vn -0.2340 -0.7813 0.5787
vn 0.0440 0.7182 0.6944
vn 0.3890 -0.4916 0.7791
vn -0.0000 0.9648 0.2631
vn -0.0188 -0.8481 0.5295
vn -0.9328 -0.1504 0.3275
vn -0.9389 -0.1932 0.2850
vn -0.9620 -0.2103 0.1741
vn -0.9350 -0.2797 -0.2180
vn 0.9446 -0.0850 0.3170
vn 0.9620 -0.2103 0.1741
vn 0.9350 -0.2797 -0.2180
vn 0.6529 -0.3762 -0.6574
vn -0.6529 -0.3762 -0.6574
vn -0.3824 -0.5213 -0.7629
vn -0.7526 -0.1081 -0.6496
vn -0.0169 0.0520 -0.9985
vn 0.9640 -0.1351 0.2291
vn 0.9339 0.0680 0.3509
vn -0.2423 0.9109 -0.3339
vn -0.8854 -0.4595 0.0711
vn -0.7828 -0.1844 0.5943
vn -0.4076 0.8811 0.2398
vn -0.6138 -0.0510 -0.7878
vn 0.9467 -0.0400 0.3196
vn -0.6757 0.1468 -0.7224
vn -0.3489 0.9177 0.1901
vn -0.8663 -0.4268 0.2596
vn -0.6447 -0.2951 -0.7052
vn 0.0250 -0.2409 -0.9702
vn 0.0491 -0.2548 -0.9658
vn 0.0000 0.9615 -0.2747
vn 0.1109 -0.7004 -0.7051
vn -0.5358 -0.6498 -0.5392
vn -0.9981 -0.0068 -0.0608
vn -0.5272 -0.8443 0.0957
vn -0.7744 -0.4974 -0.3911
vn -0.2998 0.8760 -0.3779
vn -0.6076 0.7929 -0.0462
vn -0.6437 0.2912 -0.7078
vn 0.0000 0.7385 -0.6742
vn 0.6441 0.5321 -0.5495
vn 0.7487 0.5646 0.3475
vn 0.8297 0.5359 0.1564
vn 0.2821 0.6782 0.6786
vn 0.6040 0.6909 0.3972
vn 0.4817 0.5536 0.6794
vn -0.7301 0.0389 -0.6822
vn -0.1716 0.7916 0.5865
vn 0.9763 -0.1338 -0.1700
vn 0.4933 -0.6929 -0.5259
vn 0.0500 -0.6535 -0.7553
vn -0.0257 -0.9960 -0.0850
vn 0.7880 -0.4437 -0.4269
vn 0.7301 0.0389 -0.6822
vn 0.7008 -0.6924 0.1715
vn 0.6382 -0.1038 -0.7629
vn -0.9467 -0.0400 0.3196
vn 0.6757 0.1468 -0.7224
vn 0.9254 -0.1833 0.3317
vn 0.8854 -0.4595 0.0711
vn -0.5186 -0.4638 0.7183
vn -0.9341 0.0569 0.3526
vn -0.9339 0.0680 0.3509
vn -0.2198 -0.6815 0.6980
vn -0.5987 -0.1326 -0.7899
vn -0.0223 -0.9867 0.1612
vn -0.8029 -0.5897 -0.0872
vn 0.7684 0.0890 -0.6337
vn 0.7565 0.0171 -0.6538
vn 0.2998 0.8760 -0.3779
vn 0.3489 0.9177 0.1901
vn 0.6911 -0.2488 -0.6786
vn 0.6650 0.4312 -0.6098
vn 0.6437 0.2912 -0.7078
vn 0.1988 -0.8007 -0.5651
vn 0.7850 -0.1693 0.5958
vn 0.6267 -0.1019 -0.7725
vn 0.6334 0.4725 -0.6128
vn 0.5858 -0.8079 -0.0650
vn -0.7907 -0.2280 0.5681
# 170 vertex normals

vt 0.7483 -0.4407 0.0000
vt 0.7483 -0.3769 0.0000
vt 0.7209 -0.4407 0.0000
vt 0.7209 -0.3769 0.0000
vt 0.7482 -0.4407 0.0000
vt 0.7717 -0.4407 0.0000
vt 0.7717 -0.3769 0.0000
vt 0.7834 -0.4407 0.0000
vt 0.7834 -0.3769 0.0000
vt 0.3760 -0.6182 0.0000
vt 0.3532 -0.6182 0.0000
vt 0.3760 -0.5890 0.0000
vt 0.3532 -0.5630 0.0000
vt 0.3760 -0.5630 0.0000
vt 0.3532 -0.5371 0.0000
vt 0.3760 -0.5371 0.0000
vt 0.3532 -0.5273 0.0000
vt 0.3760 -0.5273 0.0000
vt 0.3532 -0.5078 0.0000
vt 0.3760 -0.5176 0.0000
vt 0.6229 -0.3091 0.0000
vt 0.6273 -0.3092 0.0000
vt 0.6299 -0.3096 0.0000
vt 0.6317 -0.3093 0.0000
vt 0.6329 -0.3082 0.0000
vt 0.6325 -0.3072 0.0000
vt 0.6368 -0.3065 0.0000
vt 0.6180 -0.3062 0.0000
vt 0.6227 -0.3054 0.0000
vt 0.6520 -0.3087 0.0000
vt 0.6171 -0.0412 0.0000
vt 0.6779 -0.0412 0.0000
vt 0.6171 -0.0639 0.0000
vt 0.6779 -0.0639 0.0000
vt 0.6171 -0.0759 0.0000
vt 0.6779 -0.0759 0.0000
vt 0.7186 -0.0723 0.0000
vt 0.6807 -0.0723 0.0000
vt 0.7186 -0.0499 0.0000
vt 0.6807 -0.0499 0.0000
vt 0.7186 -0.0416 0.0000
vt 0.6807 -0.0416 0.0000
vt 0.7043 -0.0118 0.0000
vt 0.2975 -0.6423 0.0000
vt 0.2975 -0.6760 0.0000
vt 0.2508 -0.6170 0.0000
vt 0.2661 -0.7135 0.0000
vt 0.1647 -0.6226 0.0000
vt 0.1279 -0.7135 0.0000
vt 0.1285 -0.6844 0.0000
vt 0.6461 -0.0124 0.0000
vt 0.6195 -0.0707 0.0000
vt 0.6652 -0.0707 0.0000
vt 0.6195 -0.0790 0.0000
vt 0.6652 -0.0790 0.0000
vt 0.6195 -0.0919 0.0000
vt 0.6652 -0.0919 0.0000
vt 0.6996 -0.1806 0.0000
vt 0.6326 -0.1800 0.0000
vt 0.7185 -0.1558 0.0000
vt 0.6420 -0.1256 0.0000
vt 0.6978 -0.1255 0.0000
vt 0.6847 -0.1095 0.0000
vt 0.6333 -0.1216 0.0000
vt 0.6656 -0.1160 0.0000
vt 0.6320 -0.1189 0.0000
vt 0.6381 -0.1196 0.0000
vt 0.6748 -0.1100 0.0000
vt 0.6618 -0.1554 0.0000
vt 0.6759 -0.1622 0.0000
vt 0.6180 -0.1622 0.0000
vt 0.6759 -0.1726 0.0000
vt 0.6180 -0.1726 0.0000
vt 0.6758 -0.1879 0.0000
vt 0.6180 -0.1879 0.0000
vt 0.0052 -0.0891 0.0000
vt 0.0052 -0.1458 0.0000
vt 0.0466 -0.1406 0.0000
vt 0.0052 -0.3736 0.0000
vt 0.1387 -0.4661 0.0000
vt 0.0918 -0.4899 0.0000
vt 0.0052 -0.4196 0.0000
vt 0.0842 -0.5094 0.0000
vt 0.1642 -0.0060 0.0000
vt 0.0608 -0.0060 0.0000
vt 0.6184 -0.1622 0.0000
vt 0.6763 -0.1622 0.0000
vt 0.6467 -0.1432 0.0000
vt 0.6540 -0.1224 0.0000
vt 0.6185 -0.1216 0.0000
vt 0.1656 -0.0399 0.0000
vt 0.6520 -0.1215 0.0000
vt 0.6366 -0.1200 0.0000
vt 0.6368 -0.1193 0.0000
vt 0.6395 -0.3099 0.0000
vt 0.6656 -0.3031 0.0000
vt 0.6333 -0.3088 0.0000
vt 0.6804 -0.3735 0.0000
vt 0.6408 -0.3337 0.0000
vt 0.6804 -0.3337 0.0000
vt 0.6427 -0.2184 0.0000
vt 0.6446 -0.2144 0.0000
vt 0.6421 -0.2186 0.0000
vt 0.0052 -0.0060 0.0000
vt 0.6395 -0.1227 0.0000
vt 0.6721 -0.1200 0.0000
vt 0.6421 -0.3050 0.0000
vt 0.6446 -0.3008 0.0000
vt 0.6305 -0.3039 0.0000
vt 0.6245 -0.1703 0.0000
vt 0.6750 -0.1701 0.0000
vt 0.6476 -0.1861 0.0000
vt 0.6459 -0.0148 0.0000
vt 0.6580 -0.0917 0.0000
vt 0.6245 -0.0918 0.0000
vt 0.6969 -0.1062 0.0000
vt 0.7152 -0.1792 0.0000
vt 0.6542 -0.1798 0.0000
vt 0.6163 -0.1174 0.0000
vt 0.6490 -0.1149 0.0000
vt 0.6358 -0.1164 0.0000
vt 0.7056 -0.3703 0.0000
vt 0.6926 -0.3017 0.0000
vt 0.7248 -0.3346 0.0000
vt 0.6658 -0.1646 0.0000
vt 0.6159 -0.1765 0.0000
vt 0.6724 -0.1767 0.0000
vt 0.6344 -0.2989 0.0000
vt 0.6163 -0.3046 0.0000
vt 0.6358 -0.3036 0.0000
vt 0.0028 -0.0891 0.0000
vt 0.6982 -0.0187 0.0000
vt 0.6797 -0.0649 0.0000
vt 0.7176 -0.0679 0.0000
vt 0.6906 -0.1108 0.0000
vt 0.6834 -0.1663 0.0000
vt 0.6518 -0.1663 0.0000
vt 0.6520 -0.1175 0.0000
vt 0.6163 -0.1178 0.0000
vt 0.6438 -0.1262 0.0000
vt 0.6278 -0.1240 0.0000
vt 0.6163 -0.1234 0.0000
vt 0.6327 -0.1263 0.0000
vt 0.6204 -0.3127 0.0000
vt 0.6327 -0.3135 0.0000
vt 0.6438 -0.3133 0.0000
vt 0.6163 -0.3120 0.0000
vt 0.6227 -0.1203 0.0000
vt 0.6320 -0.1207 0.0000
vt 0.6227 -0.1200 0.0000
vt 0.6804 -0.3729 0.0000
vt 0.6408 -0.3735 0.0000
vt 0.6408 -0.3682 0.0000
vt 0.6595 -0.3096 0.0000
vt 0.6577 -0.3096 0.0000
vt 0.6715 -0.3122 0.0000
vt 0.6418 -0.1250 0.0000
vt 0.6329 -0.1211 0.0000
vt 0.6498 -0.1207 0.0000
vt 0.6607 -0.1896 0.0000
vt 0.6607 -0.1542 0.0000
vt 0.6347 -0.1896 0.0000
vt 0.6163 -0.3106 0.0000
vt 0.6278 -0.3112 0.0000
vt 0.6540 -0.3096 0.0000
vt 0.6797 -0.0359 0.0000
vt 0.6666 -0.0199 0.0000
vt 0.6256 -0.0360 0.0000
vt 0.6089 -0.0112 0.0000
vt 0.6290 -0.0465 0.0000
vt 0.6463 -0.0891 0.0000
vt 0.6677 -0.1128 0.0000
vt 0.6677 -0.1486 0.0000
vt 0.7264 -0.1128 0.0000
vt 0.6636 -0.3103 0.0000
vt 0.6274 -0.3132 0.0000
vt 0.6347 -0.3113 0.0000
vt 0.6141 -0.0267 0.0000
vt 0.6124 -0.0271 0.0000
vt 0.6265 -0.0240 0.0000
vt 0.7264 -0.1486 0.0000
vt 0.7264 -0.1884 0.0000
vt 0.6093 -0.1755 0.0000
vt 0.6693 -0.3346 0.0000
vt 0.6481 -0.3286 0.0000
vt 0.6570 -0.3703 0.0000
vt 0.6159 -0.3637 0.0000
vt 0.6724 -0.3639 0.0000
vt 0.6472 -0.3314 0.0000
vt 0.6884 -0.3684 0.0000
vt 0.6474 -0.3002 0.0000
vt 0.6463 -0.3687 0.0000
vt 0.6856 -0.1862 0.0000
vt 0.5972 -0.1862 0.0000
vt 0.6503 -0.1086 0.0000
vt 0.6535 -0.2048 0.0000
vt 0.6457 -0.2752 0.0000
vt 0.6857 -0.2620 0.0000
vt 0.6151 -0.0725 0.0000
vt 0.6395 -0.0725 0.0000
vt 0.6395 -0.0889 0.0000
vt 0.6428 -0.1263 0.0000
vt 0.7099 -0.1534 0.0000
vt 0.7098 -0.1741 0.0000
vt 0.6520 -0.1534 0.0000
vt 0.7197 -0.2966 0.0000
vt 0.6801 -0.2966 0.0000
vt 0.7197 -0.3735 0.0000
vt 0.6474 -0.1114 0.0000
vt 0.6463 -0.1799 0.0000
vt 0.6364 -0.1664 0.0000
vt 0.6038 -0.0275 0.0000
vt 0.6619 -0.3701 0.0000
vt 0.6021 -0.0905 0.0000
vt 0.6815 -0.0910 0.0000
vt 0.6910 -0.0829 0.0000
vt 0.6281 -0.1265 0.0000
vt 0.6330 -0.1249 0.0000
vt 0.6319 -0.1249 0.0000
vt 0.6418 -0.3122 0.0000
vt 0.6133 -0.3701 0.0000
vt 0.6525 -0.3271 0.0000
vt 0.6139 -0.3727 0.0000
vt 0.6783 -0.3736 0.0000
vt 0.6330 -0.1468 0.0000
vt 0.6772 -0.1117 0.0000
vt 0.6372 -0.0172 0.0000
vt 0.6294 -0.0384 0.0000
vt 0.6446 -0.0215 0.0000
vt 0.6381 -0.3067 0.0000
vt 0.6789 -0.3729 0.0000
vt 0.6368 -0.3731 0.0000
vt 0.6667 -0.3063 0.0000
vt 0.6378 -0.3166 0.0000
vt 0.6163 -0.3127 0.0000
vt 0.6606 -0.1854 0.0000
vt 0.7266 -0.1854 0.0000
vt 0.6960 -0.1067 0.0000
vt 0.6163 -0.0866 0.0000
vt 0.6535 -0.0152 0.0000
vt 0.6457 -0.0880 0.0000
vt 0.6210 -0.3710 0.0000
vt 0.6736 -0.3711 0.0000
vt 0.6463 -0.2959 0.0000
vt 0.7212 -0.0870 0.0000
vt 0.6175 -0.0870 0.0000
vt 0.6704 -0.0034 0.0000
vt 0.7133 -0.1420 0.0000
vt 0.7310 -0.1663 0.0000
vt 0.6801 -0.3682 0.0000
vt 0.6198 -0.2316 0.0000
vt 0.6762 -0.1814 0.0000
vt 0.6268 -0.1814 0.0000
vt 0.6540 -0.1135 0.0000
vt 0.6163 -0.3124 0.0000
vt 0.6934 -0.3030 0.0000
vt 0.6629 -0.3729 0.0000
vt 0.6944 -0.3733 0.0000
vt 0.6182 -0.0889 0.0000
vt 0.6791 -0.0883 0.0000
vt 0.6608 -0.0153 0.0000
vt 0.6523 -0.0893 0.0000
vt 0.6858 -0.0892 0.0000
vt 0.6702 -0.0029 0.0000
vt 0.6919 -0.1149 0.0000
vt 0.6284 -0.1859 0.0000
vt 0.7272 -0.1859 0.0000
vt 0.6347 -0.1542 0.0000
vt 0.6520 -0.1742 0.0000
vt 0.6280 -0.1224 0.0000
vt 0.6520 -0.1221 0.0000
vt 0.6446 -0.1136 0.0000
vt 0.6305 -0.1167 0.0000
vt 0.6322 -0.1163 0.0000
vt 0.6677 -0.1884 0.0000
vt 0.6801 -0.3735 0.0000
vt 0.7197 -0.3729 0.0000
vt 0.6567 -0.3235 0.0000
vt 0.6715 -0.3750 0.0000
vt 0.6171 -0.3750 0.0000
vt 0.6489 -0.1872 0.0000
vt 0.6496 -0.1247 0.0000
vt 0.6931 -0.1869 0.0000
vt 0.6084 -0.1869 0.0000
vt 0.7193 -0.3648 0.0000
vt 0.6354 -0.3639 0.0000
vt 0.6823 -0.2845 0.0000
vt 0.7099 -0.1221 0.0000
vt 0.6219 -0.1171 0.0000
vt 0.7208 -0.3716 0.0000
vt 0.6381 -0.2203 0.0000
vt 0.6325 -0.2208 0.0000
vt 0.6281 -0.3137 0.0000
vt 0.6597 -0.3136 0.0000
# 294 texture coords

g XBRL_SKULL_01
usemtl Material__26
s 1
f 566/526/597 567/527/598 568/528/599 
s 2
f 567/527/600 569/529/601 568/528/599 
s 3
f 568/528/599 569/529/601 570/530/602 
s 4
f 569/529/603 571/527/604 570/530/602 
s 5
f 570/530/602 571/527/604 572/531/605 
s 6
f 571/527/604 573/532/606 572/531/605 
s 7
f 572/531/605 573/532/606 574/533/607 
s 8
f 573/532/608 575/534/609 574/533/607 
s 9
f 574/533/607 575/534/609 576/531/610 
s 10
f 575/534/609 577/532/611 576/531/610 
s 11
f 576/531/610 577/532/611 566/526/597 
s 12
f 577/532/611 567/527/612 566/526/597 
s 13
f 578/527/613 579/526/614 580/529/615 
s 14
f 579/526/614 581/528/616 580/529/615 
s 15
f 580/529/615 581/528/616 582/527/617 
s 16
f 581/528/618 583/530/619 582/527/617 
s 17
f 582/527/617 583/530/619 584/532/620 
s 18
f 583/530/619 585/531/621 584/532/620 
s 19
f 584/532/620 585/531/621 586/534/622 
s 20
f 585/531/621 587/533/623 586/534/622 
s 21
f 586/534/622 587/533/623 588/532/624 
s 22
f 587/533/623 589/531/625 588/532/624 
s 23
f 588/532/624 589/531/625 578/527/613 
s 24
f 589/531/625 579/526/614 578/527/613 
s 25
f 590/535/626 591/536/627 592/537/628 
s 26
f 591/536/627 593/538/629 592/537/628 
s 27
f 592/537/628 593/538/629 594/539/630 
s 28
f 593/538/629 595/540/631 594/539/630 
s 29
f 594/539/630 595/540/631 596/541/632 
s 30
f 595/540/631 597/542/633 596/541/632 
s 31
f 596/541/632 597/542/633 598/543/634 
s 32
f 597/542/635 599/544/636 598/543/634 
s 33
f 598/543/634 599/544/636 600/545/637 
s 34
f 601/546/638 602/547/639 603/548/640 
s 35
f 602/547/639 604/549/641 603/548/640 
s 36
f 603/548/640 604/549/641 605/550/642 
s 37
f 604/549/641 606/551/643 605/550/642 
s 38
f 605/550/642 606/551/643 607/552/644 
s 39
f 606/551/643 608/553/645 607/552/644 
s 40
f 607/552/644 608/553/645 609/554/646 
s 41
f 610/542/647 611/540/648 612/541/649 
s 42
f 611/540/648 613/538/650 612/541/649 
s 43
f 612/541/649 613/538/650 614/539/651 
s 44
f 613/538/650 615/536/652 614/539/651 
s 45
f 614/539/651 615/536/652 616/537/653 
s 46
f 615/536/652 617/535/654 616/537/653 
s 47
f 618/555/655 619/551/656 620/550/657 
s 48
f 619/551/656 621/549/658 620/550/657 
s 49
f 620/550/657 621/549/658 622/548/659 
s 50
f 621/549/658 623/547/660 622/548/659 
s 51
f 622/548/659 623/547/660 624/546/661 
s 52
f 625/556/662 607/557/644 626/558/663 
s 53
f 607/557/644 609/559/646 626/558/663 
s 54
f 626/558/663 609/559/646 627/560/664 
s 55
f 609/559/646 608/561/645 627/560/664 
s 56
f 627/560/664 608/561/645 628/559/665 
s 57
f 627/562/664 629/563/666 626/564/663 
s 58
f 629/563/666 630/565/667 626/564/663 
s 59
f 626/564/663 630/565/667 625/566/662 
s 60
f 630/565/667 605/567/642 625/566/662 
s 61
f 625/566/662 605/567/642 631/568/668 
s 62
f 610/569/647 632/570/669 611/571/648 
s 63
f 632/570/669 633/572/670 611/571/648 
s 64
f 611/571/671 633/572/670 613/573/650 
s 65
f 633/572/670 617/574/654 613/573/650 
s 66
f 613/573/650 617/574/654 615/575/652 
s 67
f 618/576/655 620/577/657 634/578/672 
s 68
f 620/577/657 635/579/673 634/578/672 
s 69
f 634/578/672 635/579/673 636/580/674 
s 70
f 635/579/673 629/581/666 636/580/674 
s 71
f 636/580/674 629/581/666 627/582/664 
s 72
f 608/583/645 606/584/643 637/585/675 
s 73
f 606/584/643 638/586/676 637/585/675 
s 74
f 637/585/675 638/586/676 639/587/677 
s 75
f 638/586/676 640/588/678 639/587/677 
s 76
f 641/589/679 642/590/680 643/591/681 
s 77
f 642/590/680 644/592/682 643/591/681 
s 78
f 643/591/681 644/592/682 645/593/683 
s 79
f 644/592/682 646/594/684 645/593/683 
s 80
f 647/595/685 648/596/686 649/597/687 
s 81
f 648/596/686 650/598/688 649/597/687 
s 82
f 649/597/687 650/598/688 651/599/689 
s 83
f 650/598/688 652/600/690 651/599/689 
s 84
f 653/601/691 600/602/637 654/603/692 
s 85
f 600/602/637 590/604/626 654/603/692 
s 86
f 654/603/692 590/604/626 655/605/693 
s 87
f 590/604/626 656/606/694 655/605/693 
s 88
f 657/603/695 658/605/696 617/604/654 
s 89
f 658/605/696 659/606/697 617/604/654 
s 90
f 617/604/654 659/606/697 616/607/653 
s 91
f 659/606/697 660/608/698 616/607/653 
s 92
f 656/606/694 592/607/628 661/608/699 
s 93
f 656/606/694 590/604/626 592/607/628 
s 94
f 653/601/691 623/609/660 621/610/658 
s 95
f 648/611/686 647/612/685 662/613/700 
s 96
f 663/614/701 641/589/679 664/615/702 
s 97
f 665/601/703 666/616/704 657/603/695 
s 98
f 618/617/655 634/618/672 667/619/705 
s 99
f 668/620/706 642/621/680 641/622/679 
s 100
f 624/623/661 648/624/686 622/625/659 
s 101
f 669/626/707 670/627/708 671/628/709 
s 102
f 665/601/703 672/629/710 604/610/641 
s 103
f 668/630/706 673/631/711 644/592/682 
s 104
f 671/632/709 670/633/708 674/634/712 
s 105
f 668/635/706 675/636/713 653/637/691 
s 106
f 627/560/664 628/559/665 636/558/674 
s 107
f 676/638/714 677/639/715 678/640/716 
s 108
f 673/641/711 653/642/691 621/643/658 
s 109
f 679/644/717 645/645/683 646/646/684 
s 110
f 680/647/718 681/648/719 682/649/720 
s 111
f 604/610/641 602/609/639 665/601/703 
s 112
f 682/650/720 683/651/721 684/652/722 
s 113
f 633/602/670 665/601/703 657/603/695 
s 114
f 685/653/723 679/654/717 646/655/684 
s 115
f 666/616/704 665/656/703 602/609/639 
s 116
f 686/543/724 633/545/670 632/544/669 
s 117
f 686/543/724 632/544/669 610/542/647 
s 118
f 663/657/701 664/658/702 677/659/715 
s 119
f 610/542/647 612/541/649 686/543/724 
s 120
f 685/660/723 674/661/712 608/662/645 
s 121
f 687/663/725 643/591/681 688/664/726 
s 122
f 676/665/714 684/666/722 677/667/715 
s 123
f 676/665/714 682/668/720 684/666/722 
s 124
f 680/669/718 682/670/720 676/671/714 
s 125
f 689/593/727 690/594/728 691/592/729 
s 126
f 641/589/679 643/591/681 687/663/725 
s 127
f 680/669/718 676/671/714 678/672/716 
s 128
f 635/673/673 647/674/685 649/675/687 
s 129
f 624/676/661 652/677/690 650/678/688 
s 130
f 622/679/659 648/680/686 662/681/700 
s 131
f 662/682/700 647/674/685 620/683/657 
s 132
f 688/664/726 645/645/683 679/644/717 
s 133
f 683/651/721 682/650/720 681/684/719 
s 134
f 629/685/666 635/686/673 651/687/689 
s 135
f 677/688/715 684/689/722 663/690/701 
s 136
f 692/691/730 670/692/708 669/693/707 
s 137
f 648/624/686 624/623/661 650/678/688 
s 138
f 674/694/712 693/695/731 608/696/645 
s 139
f 605/697/642 630/698/667 694/699/732 
s 140
f 695/700/733 683/701/721 675/702/713 
s 141
f 692/703/730 674/704/712 670/705/708 
s 142
f 696/706/734 630/698/667 651/707/689 
s 143
f 673/631/711 619/708/656 644/592/682 
s 144
f 633/602/670 657/603/695 617/604/654 
s 145
f 697/709/735 698/710/736 699/711/737 
s 146
f 700/712/738 701/713/739 702/714/740 
s 147
f 703/715/741 704/716/742 612/717/649 
s 148
f 608/718/645 679/719/717 685/720/723 
s 149
f 621/610/743 705/629/743 653/601/743 
s 150
f 691/592/729 606/708/643 706/631/744 
s 151
f 593/573/629 600/572/637 595/571/631 
s 152
f 595/571/631 600/572/637 599/570/636 
s 153
f 673/721/711 668/722/706 653/723/691 
s 154
f 684/666/722 641/589/679 663/614/701 
s 155
f 653/724/691 596/725/632 600/726/637 
s 156
f 675/636/713 668/635/706 695/727/733 
s 157
f 599/570/636 597/569/633 595/571/631 
s 158
f 665/637/703 707/636/745 708/635/746 
s 159
f 696/728/734 651/729/689 709/730/747 
s 160
f 654/603/748 710/616/749 653/601/691 
s 161
f 603/731/640 711/732/750 601/733/638 
s 162
f 712/734/751 596/735/632 675/736/713 
s 163
f 693/737/731 674/704/712 692/703/730 
s 164
f 667/557/705 636/558/674 628/559/665 
s 165
f 713/738/752 681/648/719 680/647/718 
s 166
f 619/739/656 608/740/645 693/741/731 
s 167
f 714/742/753 600/743/637 596/744/632 
s 168
f 664/615/702 715/589/754 716/614/755 
s 169
f 662/745/700 620/550/657 622/548/659 
s 170
f 699/711/737 698/710/736 713/746/752 
s 171
f 695/727/733 668/635/706 641/589/679 
s 172
f 645/747/683 688/748/726 643/749/681 
s 173
f 641/750/679 684/666/722 695/751/733 
s 174
f 707/752/745 665/753/703 612/754/649 
s 175
f 674/634/712 644/755/682 671/632/709 
s 176
f 665/756/703 708/757/746 706/758/744 
s 177
f 716/614/755 715/589/754 701/666/739 
s 178
f 634/556/672 636/558/674 667/557/705 
s 179
f 681/759/719 713/760/752 683/701/721 
s 180
f 692/691/730 669/693/707 693/741/731 
s 181
f 688/761/726 664/762/702 687/763/725 
s 182
f 619/764/656 673/765/711 621/766/658 
s 183
f 623/609/660 653/656/691 710/616/749 
s 184
f 633/726/670 612/725/649 665/724/703 
s 185
f 664/767/702 641/768/679 687/769/725 
s 186
f 668/770/706 644/771/682 642/772/680 
s 187
f 702/727/740 708/635/746 707/636/745 
s 188
f 690/773/728 717/660/756 718/661/757 
s 189
f 691/774/729 690/773/728 718/661/757 
s 190
f 596/754/632 653/753/691 675/752/713 
s 191
f 644/774/682 674/661/712 646/773/684 
s 192
f 646/773/684 674/661/712 685/660/723 
s 193
f 608/696/645 637/695/675 718/694/757 
s 194
f 709/775/747 601/733/638 711/732/750 
s 195
f 716/690/755 701/689/739 677/688/715 
s 196
f 683/776/721 713/776/752 700/776/738 
s 197
f 679/644/717 689/645/727 688/664/726 
s 198
f 719/671/758 697/670/735 699/669/737 
s 199
f 701/666/739 697/668/735 719/665/758 
s 200
f 677/667/715 701/666/739 719/665/758 
s 201
f 688/664/726 720/591/759 721/663/760 
s 202
f 608/662/645 718/661/757 717/660/756 
s 203
f 677/777/715 664/778/702 716/779/755 
s 204
f 722/780/761 713/760/752 680/669/718 
s 205
f 701/652/739 700/651/738 697/650/735 
s 206
f 722/781/761 680/782/718 678/783/716 
s 207
f 690/646/728 689/645/727 679/644/717 
s 208
f 604/784/762 665/785/762 706/786/744 
s 209
f 678/787/716 677/788/715 719/789/758 
s 210
f 717/790/756 679/791/717 608/792/645 
s 211
f 690/655/728 679/654/717 717/653/756 
s 212
f 718/634/757 640/633/678 723/632/763 
s 213
f 691/592/729 706/631/744 708/630/746 
s 214
f 723/628/763 640/627/678 638/626/676 
s 215
f 620/683/657 647/674/685 635/673/673 
s 216
f 649/793/687 651/687/689 635/686/673 
s 217
f 693/741/731 669/693/707 619/739/656 
s 218
f 715/622/754 724/621/764 708/620/746 
s 219
f 607/619/644 625/618/662 631/617/668 
s 220
f 652/794/690 709/730/747 651/729/689 
s 221
f 695/714/733 684/713/722 683/712/721 
s 222
f 725/682/765 694/674/732 711/795/750 
s 223
f 709/730/747 711/796/750 696/728/734 
s 224
f 640/797/678 718/798/757 639/799/677 
s 225
f 707/702/745 700/701/738 702/700/740 
s 226
f 651/707/689 630/698/667 629/800/666 
s 227
f 698/684/736 697/650/735 700/651/738 
s 228
f 605/683/642 694/674/732 725/682/765 
s 229
f 725/681/765 711/680/750 603/679/640 
s 230
f 709/775/747 652/801/690 601/802/638 
s 231
f 696/706/734 694/699/732 630/698/667 
s 232
f 691/592/729 720/591/759 689/593/727 
s 233
f 678/672/716 719/671/758 699/669/737 
s 234
f 721/663/760 720/591/759 715/589/754 
s 235
f 724/772/764 691/771/729 708/770/746 
s 236
f 715/589/754 720/591/759 724/590/764 
s 237
f 720/591/759 691/592/729 724/590/764 
s 238
f 721/803/760 715/804/754 664/805/702 
s 239
f 604/806/641 706/631/744 606/708/643 
s 240
f 721/807/760 664/808/702 688/809/726 
s 241
f 700/701/738 713/760/752 698/759/736 
s 242
f 723/632/763 691/755/729 718/634/757 
s 243
f 702/751/740 701/666/739 715/750/754 
s 244
f 720/810/759 688/811/726 689/812/727 
s 245
f 715/589/754 708/635/746 702/727/740 
s 246
f 694/813/732 696/728/734 711/796/750 
s 247
f 603/548/640 605/550/642 725/745/765 
s 248
f 612/744/649 633/743/670 703/742/741 
s 249
f 596/717/632 712/716/751 714/715/753 
s 250
f 713/760/752 722/780/761 699/669/737 
s 251
f 639/799/677 718/798/757 637/814/675 
s 252
f 678/783/716 699/815/737 722/781/761 
s 253
f 707/736/745 612/735/649 704/734/742 
s 254
f 618/555/655 667/552/705 619/551/656 
s 255
f 591/575/627 590/574/626 600/572/637 
s 256
f 591/575/766 600/572/766 593/573/766 
s 257
f 669/626/707 671/628/709 644/816/682 
s 258
f 669/626/707 644/816/682 619/817/656 
s 259
f 619/551/656 667/552/705 628/554/665 
s 260
f 619/551/656 628/554/665 608/553/645 
s 261
f 675/702/713 683/701/721 714/818/753 
s 262
f 675/702/713 714/818/753 712/819/751 
s 263
f 606/817/643 691/816/729 723/628/763 
s 264
f 606/817/643 723/628/763 638/626/676 
s 265
f 605/550/642 607/552/644 631/555/668 
s 266
f 704/819/742 703/818/741 700/701/738 
s 267
f 704/819/742 700/701/738 707/702/745 
# 0 polygons - 267 triangles

#
# object XBRL_L00_LEG_FACE_01
#

v  0.0000 64.2492 9.7496
v  -1.1035 65.1743 9.4984
v  0.0000 62.7343 10.2805
v  -4.1603 62.7343 8.8053
v  -3.9889 61.1273 9.1535
v  -5.0164 60.2710 7.6008
v  -3.9805 60.3443 8.5785
v  -4.2487 58.3631 7.6818
v  -3.3454 58.4950 8.5694
v  -3.6478 57.1369 8.5052
v  -1.4579 58.2640 9.5606
v  -1.0417 57.1811 9.9988
v  -0.8471 58.0888 9.7996
v  -0.2444 57.9149 10.1071
v  0.0000 58.1482 10.2423
v  -0.3562 56.6011 11.6090
v  0.0000 56.6069 11.7128
v  0.0000 56.0692 10.4605
v  0.3562 56.6011 11.6090
v  0.6616 56.4947 10.2008
v  0.9010 58.5683 10.3748
v  0.8252 58.3062 10.1191
v  0.2444 57.9149 10.1071
v  0.8471 58.0888 9.7996
v  1.0417 57.1811 9.9988
v  1.4579 58.2640 9.5606
v  3.6478 57.1369 8.5052
v  3.3454 58.4950 8.5694
v  4.2487 58.3631 7.6818
v  3.9805 60.3443 8.5785
v  5.0164 60.2710 7.6008
v  3.9889 61.1273 9.1535
v  4.1603 62.7343 8.8053
v  1.1334 54.2215 8.9594
v  0.0000 54.3984 9.7072
v  0.0000 54.1580 9.2852
v  -1.0039 54.4583 9.4170
v  -1.1334 54.2215 8.9594
v  -1.7059 55.4004 9.0847
v  -3.0373 54.4672 7.9882
v  -3.5459 55.7964 8.3156
v  -4.1246 55.6772 7.0077
v  3.5459 55.7964 8.3156
v  1.7059 55.4004 9.0847
v  3.0373 54.4672 7.9882
v  0.9830 51.2957 8.4538
v  0.0000 51.2067 8.6125
v  0.0000 50.9268 7.9635
v  -0.9830 51.2957 8.4538
v  -1.1496 51.0405 7.8663
v  -4.4301 54.4510 3.6117
v  -3.9502 54.3842 3.1733
v  -4.0198 54.4585 5.4795
v  -5.5372 60.3937 5.5351
v  4.1246 55.6772 7.0077
v  4.0198 54.4585 5.4795
v  4.4301 54.4510 3.6117
v  1.1496 51.0405 7.8663
v  3.9502 54.3842 3.1733
v  0.0000 51.1743 6.6348
v  -0.8252 58.3062 10.1191
v  -2.5908 59.4933 9.3921
v  -0.9010 58.5683 10.3748
v  -2.3954 60.0049 9.9256
v  0.0000 59.7152 10.7997
v  2.3954 60.0049 9.9256
v  -0.6616 56.4947 10.2008
v  -0.9827 56.0056 10.0131
v  0.0000 55.8611 10.4599
v  0.9827 56.0056 10.0131
v  -1.0039 54.9061 9.1704
v  -1.4873 55.6745 9.1771
v  -1.3903 56.0824 9.3359
v  -1.4996 56.3658 9.5757
v  2.5908 59.4933 9.3921
v  5.5372 60.3937 5.5351
v  -0.9827 55.7887 9.7040
v  0.0000 55.6012 9.9703
v  0.9827 55.7887 9.7040
v  1.3904 56.0824 9.3359
v  1.4996 56.3658 9.5757
v  1.0039 54.9061 9.1704
v  0.0000 54.8575 9.4938
v  1.0039 54.4583 9.4170
v  1.4873 55.6745 9.1771
v  -2.0710 56.1243 9.0040
v  -1.9727 55.0393 8.6905
v  0.0000 56.0034 10.0740
v  1.9727 55.0393 8.6905
v  2.0710 56.1243 9.0040
v  4.1767 66.1464 8.0673
v  1.1035 65.2856 9.4984
v  -4.1767 66.1464 8.0673
v  0.0000 54.7551 9.3891
# 94 vertices

vn -0.0174 0.3307 0.9436
vn 0.0623 0.3301 0.9419
vn -0.0010 0.1887 0.9820
vn -0.3438 0.1682 0.9239
vn -0.5299 0.1595 0.8329
vn -0.6210 -0.0892 0.7787
vn -0.8970 -0.1255 0.4239
vn -0.6262 -0.3753 0.6834
vn -0.8310 -0.1561 0.5339
vn -0.5911 -0.0937 0.8011
vn -0.7532 -0.0348 0.6568
vn -0.5167 -0.1699 0.8391
vn -0.4199 0.0941 0.9027
vn -0.4071 -0.2526 0.8778
vn -0.6226 0.2535 0.7403
vn -0.0364 -0.0718 0.9968
vn -0.6377 -0.1844 0.7479
vn -0.0000 -0.1700 0.9854
vn -0.0000 -0.5285 0.8489
vn 0.6377 -0.1844 0.7479
vn 0.6561 -0.0847 0.7499
vn 0.3776 -0.4577 0.8049
vn 0.4305 -0.6630 0.6125
vn 0.5983 0.1039 0.7945
vn 0.4533 -0.2664 0.8506
vn 0.4199 0.0941 0.9027
vn 0.5167 -0.1699 0.8391
vn 0.7040 -0.0617 0.7075
vn 0.5911 -0.0937 0.8011
vn 0.8310 -0.1561 0.5339
vn 0.6262 -0.3753 0.6834
vn 0.8970 -0.1255 0.4239
vn 0.6210 -0.0892 0.7787
vn 0.5311 0.1580 0.8325
vn 0.4619 -0.3925 0.7954
vn -0.0008 -0.2853 0.9584
vn -0.0010 -0.6228 0.7824
vn -0.4234 -0.2918 0.8577
vn -0.4615 -0.3924 0.7957
vn -0.3455 -0.2793 0.8959
vn -0.6925 -0.4107 0.5931
vn -0.7057 -0.2763 0.6524
vn -0.9034 -0.2994 0.3069
vn 0.7057 -0.2763 0.6524
vn 0.3455 -0.2793 0.8959
vn 0.6925 -0.4107 0.5931
vn 0.4399 -0.5630 0.6997
vn -0.0000 -0.6202 0.7844
vn -0.0000 -0.9914 0.1306
vn -0.4399 -0.5630 0.6997
vn -0.5335 -0.8348 0.1359
vn -0.5746 -0.7975 -0.1841
vn -0.4140 -0.8398 -0.3513
vn -0.8409 -0.4957 0.2172
vn -0.9565 -0.1225 0.2647
vn 0.9034 -0.2994 0.3069
vn 0.8409 -0.4957 0.2172
vn 0.8004 -0.5644 0.2020
vn 0.5335 -0.8348 0.1359
vn 0.4280 -0.8370 -0.3409
vn 0.4140 -0.8398 -0.3513
vn 0.0000 -0.9365 -0.3506
vn -0.3842 -0.7081 0.5924
vn -0.5844 -0.3762 0.7190
vn -0.3776 -0.4577 0.8049
vn -0.4990 -0.1516 0.8532
vn -0.0000 -0.0204 0.9998
vn 0.4990 -0.1516 0.8532
vn -0.6561 -0.0847 0.7499
vn -0.5589 -0.4327 0.7074
vn -0.0000 -0.4932 0.8699
vn 0.5589 -0.4327 0.7074
vn 0.0203 0.4181 0.9082
vn -0.0114 -0.3114 0.9502
vn -0.0657 -0.6422 0.7638
vn -0.5346 -0.2980 0.7908
vn 0.5844 -0.3762 0.7190
vn 0.9565 -0.1225 0.2647
vn -0.5618 -0.6771 0.4753
vn -0.0000 -0.8706 0.4919
vn 0.5618 -0.6771 0.4753
vn 0.0657 -0.6422 0.7638
vn 0.5346 -0.2980 0.7908
vn -0.0203 0.4181 0.9082
vn -0.0000 0.4215 0.9068
vn 0.4245 -0.2905 0.8576
vn 0.0114 -0.3114 0.9502
vn -0.4531 -0.2851 0.8447
vn -0.4214 -0.3427 0.8396
vn -0.0000 -0.4321 0.9018
vn 0.4214 -0.3427 0.8396
vn 0.4531 -0.2851 0.8447
vn -0.4854 -0.1585 0.8598
vn 0.3687 0.1948 0.9089
vn 0.2834 0.1924 0.9395
vn -0.3626 0.1953 0.9113
vn -0.0000 -0.4810 0.8767
# 97 vertex normals

vt 0.3312 -0.0060 0.0000
vt 0.2827 -0.0060 0.0000
vt 0.3312 -0.0386 0.0000
vt 0.1656 -0.0397 0.0000
vt 0.1705 -0.1146 0.0000
vt 0.0956 -0.1393 0.0000
vt 0.1437 -0.1563 0.0000
vt 0.1089 -0.2666 0.0000
vt 0.1440 -0.2592 0.0000
vt 0.1571 -0.3529 0.0000
vt 0.2573 -0.2586 0.0000
vt 0.2874 -0.3339 0.0000
vt 0.2932 -0.2594 0.0000
vt 0.3177 -0.2719 0.0000
vt 0.3312 -0.2333 0.0000
vt 0.3167 -0.3397 0.0000
vt 0.3312 -0.3192 0.0000
vt 0.3312 -0.3693 0.0000
vt 0.3030 -0.3611 0.0000
vt 0.2896 -0.2036 0.0000
vt 0.2936 -0.2292 0.0000
vt 0.3711 -0.4491 0.0000
vt 0.3312 -0.4357 0.0000
vt 0.3312 -0.4483 0.0000
vt 0.2913 -0.4374 0.0000
vt 0.2913 -0.4491 0.0000
vt 0.2636 -0.4293 0.0000
vt 0.2344 -0.4476 0.0000
vt 0.1805 -0.3937 0.0000
vt 0.1535 -0.3963 0.0000
vt 0.3108 -0.5347 0.0000
vt 0.3312 -0.5334 0.0000
vt 0.3312 -0.5741 0.0000
vt 0.2717 -0.5648 0.0000
vt 0.0918 -0.4880 0.0000
vt 0.0842 -0.5075 0.0000
vt 0.1387 -0.4643 0.0000
vt 0.0466 -0.1401 0.0000
vt 0.3312 -0.6448 0.0000
vt 0.2571 -0.2527 0.0000
vt 0.2128 -0.1861 0.0000
vt 0.2320 -0.1596 0.0000
vt 0.3312 -0.1592 0.0000
vt 0.4304 -0.1596 0.0000
vt 0.4919 -0.1146 0.0000
vt 0.2872 -0.3868 0.0000
vt 0.3312 -0.3888 0.0000
vt 0.2929 -0.4113 0.0000
vt 0.2897 -0.4113 0.0000
vt 0.2683 -0.4286 0.0000
vt 0.2897 -0.4100 0.0000
vt 0.2683 -0.3919 0.0000
vt 0.2929 -0.3919 0.0000
vt 0.2899 -0.2535 0.0000
vt 0.2929 -0.4100 0.0000
vt 0.3312 -0.4100 0.0000
vt 0.3312 -0.3919 0.0000
vt 0.3312 -0.4113 0.0000
vt 0.3312 -0.4286 0.0000
vt 0.2929 -0.4286 0.0000
vt 0.3988 -0.3868 0.0000
vt 0.3988 -0.4293 0.0000
vt 0.4819 -0.3937 0.0000
vt 0.5052 -0.3529 0.0000
vt 0.3750 -0.3339 0.0000
vt 0.3752 -0.3868 0.0000
vt 0.3947 -0.4210 0.0000
vt 0.3428 -0.4210 0.0000
vt 0.3947 -0.4232 0.0000
vt 0.0354 -0.5202 0.0000
vt 0.0102 -0.5202 0.0000
vt 0.0102 -0.4708 0.0000
vt 0.0433 -0.4708 0.0000
vt 0.0433 -0.5202 0.0000
vt 0.0685 -0.5202 0.0000
vt 0.4967 -0.0397 0.0000
vt 0.1558 -0.2505 0.0000
vt 0.3728 -0.2036 0.0000
vt 0.1642 -0.0060 0.0000
vt 0.3428 -0.4232 0.0000
vt 0.3711 -0.4374 0.0000
# 81 texture coords

g XBRL_L00_LEG_FACE_01
usemtl Material__25
s 1
f 726/820/767 727/821/768 728/822/769 
s 2
f 727/821/770 729/823/771 728/822/769 
s 3
f 728/822/769 729/823/771 730/824/772 
s 4
f 729/823/771 731/825/773 730/824/772 
s 5
f 730/824/772 731/825/773 732/826/774 
s 6
f 731/825/773 733/827/775 732/826/774 
s 7
f 732/826/774 733/827/775 734/828/776 
s 8
f 733/827/775 735/829/777 734/828/776 
s 9
f 734/828/776 735/829/777 736/830/778 
s 10
f 735/829/777 737/831/779 736/830/778 
s 11
f 736/830/778 737/831/779 738/832/780 
s 12
f 737/831/779 739/833/781 738/832/780 
s 13
f 738/832/780 739/833/781 740/834/782 
s 14
f 739/833/781 741/835/783 740/834/782 
s 15
f 740/834/782 741/835/783 742/836/784 
s 16
f 741/835/783 743/837/785 742/836/784 
s 17
f 742/836/784 743/837/785 744/835/786 
s 18
f 743/837/785 745/838/787 744/835/786 
s 19
f 746/839/788 740/834/782 747/840/789 
s 20
f 740/834/782 748/833/790 747/840/789 
s 21
f 747/840/789 748/833/790 749/832/791 
s 22
f 748/833/790 750/831/792 749/832/791 
s 23
f 749/832/791 750/831/792 751/830/793 
s 24
f 750/831/792 752/829/794 751/830/793 
s 25
f 751/830/793 752/829/794 753/828/795 
s 26
f 752/829/794 754/827/796 753/828/795 
s 27
f 753/828/795 754/827/796 755/826/797 
s 28
f 754/827/796 756/825/798 755/826/797 
s 29
f 755/826/797 756/825/798 757/824/799 
s 30
f 756/825/798 758/823/800 757/824/799 
s 31
f 759/841/801 760/842/802 761/843/803 
s 32
f 760/842/802 762/844/804 761/843/803 
s 33
f 761/843/803 762/844/804 763/845/805 
s 34
f 762/844/804 764/846/806 763/845/805 
s 35
f 763/845/805 764/846/806 765/847/807 
s 36
f 764/846/806 766/848/808 765/847/807 
s 37
f 765/847/807 766/848/808 767/849/809 
s 38
f 766/848/808 735/829/777 767/849/809 
s 39
f 767/849/809 735/829/777 733/827/775 
s 40
f 768/848/810 769/846/811 770/847/812 
s 41
f 769/846/811 759/845/801 770/847/812 
s 42
f 770/847/812 759/845/801 771/850/813 
s 43
f 759/845/801 772/851/814 771/850/813 
s 44
f 771/850/813 772/851/814 773/852/815 
s 45
f 772/851/814 774/850/816 773/852/815 
s 46
f 773/852/815 774/850/816 775/853/817 
s 47
f 774/850/816 776/854/818 775/853/817 
s 48
f 775/853/817 776/854/818 777/855/819 
s 49
f 759/841/801 761/843/803 772/851/814 
s 50
f 761/843/803 763/845/805 772/851/814 
s 51
f 772/851/814 763/845/805 774/850/816 
s 52
f 763/845/805 765/847/807 774/850/816 
s 53
f 774/850/816 765/847/807 778/856/820 
s 54
f 765/847/807 767/849/809 778/856/820 
s 55
f 778/856/820 767/849/809 779/857/821 
s 56
f 767/849/809 733/827/775 779/857/821 
s 57
f 779/857/821 733/827/775 731/825/773 
s 58
f 752/829/794 768/848/810 780/849/822 
s 59
f 768/848/810 770/847/812 780/849/822 
s 60
f 780/849/822 770/847/812 781/856/823 
s 61
f 770/847/812 771/850/813 781/856/823 
s 62
f 781/856/823 771/850/813 782/854/824 
s 63
f 771/850/813 783/853/825 782/854/824 
s 64
f 782/854/826 783/853/825 784/855/827 
s 65
f 783/853/825 785/858/828 784/855/827 
s 66
f 736/859/778 786/840/829 787/860/830 
s 67
f 786/840/829 788/839/831 787/860/830 
s 68
f 787/860/830 788/839/831 789/861/832 
s 69
f 788/839/831 790/862/833 789/861/832 
s 70
f 789/861/832 790/862/833 728/822/769 
s 71
f 790/862/833 791/863/834 728/822/769 
s 72
f 728/822/769 791/863/834 757/864/799 
s 73
f 739/833/781 737/831/779 792/838/835 
s 74
f 737/831/779 793/865/836 792/838/835 
s 75
f 792/838/835 793/865/836 743/837/785 
s 76
f 793/865/836 794/866/837 743/837/785 
s 77
f 743/837/785 794/866/837 795/865/838 
s 78
f 796/867/839 797/868/840 764/869/806 
s 79
f 797/868/840 798/870/841 764/869/806 
s 80
f 764/869/806 798/870/841 799/871/842 
s 81
f 798/870/841 793/872/836 799/871/842 
s 82
f 749/873/791 751/859/793 747/840/789 
s 83
f 751/859/793 800/860/843 747/840/789 
s 84
f 747/840/789 800/860/843 746/839/788 
s 85
f 800/860/843 791/861/834 746/839/788 
s 86
f 758/823/800 756/825/798 801/857/844 
s 87
f 756/825/798 754/827/796 801/857/844 
s 88
f 801/857/844 754/827/796 780/849/822 
s 89
f 754/827/796 752/829/794 780/849/822 
s 90
f 798/870/841 802/874/845 793/872/836 
s 91
f 802/874/845 803/875/846 793/872/836 
s 92
f 793/872/836 803/875/846 794/876/837 
s 93
f 803/875/846 795/872/838 794/876/837 
s 94
f 803/875/846 804/874/847 795/872/838 
s 95
f 804/874/847 805/870/848 795/872/838 
s 96
f 795/872/838 805/870/848 806/871/849 
s 97
f 805/870/848 769/869/811 806/871/849 
s 98
f 807/867/850 808/877/851 760/878/802 
s 99
f 808/877/851 796/867/839 760/878/802 
s 100
f 760/878/802 796/867/839 762/879/804 
s 101
f 796/867/839 764/869/806 762/879/804 
s 102
f 760/878/802 809/879/852 807/867/850 
s 103
f 809/879/852 769/869/811 807/867/850 
s 104
f 807/867/850 769/869/811 810/868/853 
s 105
f 769/869/811 805/870/848 810/868/853 
s 106
f 771/850/813 773/852/815 783/853/825 
s 107
f 773/852/815 785/858/828 783/853/825 
s 108
f 785/858/828 775/853/817 777/855/819 
s 109
f 776/854/818 774/850/816 778/856/820 
s 110
f 773/852/815 775/853/817 785/858/828 
s 111
f 806/880/849 769/881/811 768/882/810 
s 112
f 768/882/810 752/883/794 806/880/849 
s 113
f 750/884/792 806/880/849 752/883/794 
s 114
f 769/846/811 809/844/852 759/845/801 
s 115
f 750/884/792 795/885/838 806/880/849 
s 116
f 743/837/785 795/865/838 745/838/787 
s 117
f 750/831/792 745/838/787 795/865/838 
s 118
f 811/886/854 812/887/855 813/888/856 
s 119
f 813/888/856 814/887/857 815/886/858 
s 120
f 741/835/783 792/838/835 743/837/785 
s 121
f 744/889/786 745/890/787 748/891/790 
s 122
f 745/838/787 750/831/792 748/833/790 
s 123
f 748/833/790 740/834/782 744/835/786 
s 124
f 742/836/784 744/835/786 740/834/782 
s 125
f 739/892/781 792/893/835 741/894/783 
s 126
f 799/880/842 793/885/836 737/884/779 
s 127
f 735/883/777 799/880/842 737/884/779 
s 128
f 799/880/842 735/883/859 766/882/808 
s 129
f 766/882/808 764/881/806 799/880/842 
s 130
f 781/856/823 801/857/844 780/849/822 
s 131
f 758/895/800 728/822/769 757/864/799 
s 132
f 791/861/834 800/860/843 757/824/799 
s 133
f 800/860/843 753/896/795 755/826/797 
s 134
f 757/824/799 800/860/843 755/826/797 
s 135
f 753/896/795 800/860/843 751/859/793 
s 136
f 790/862/833 746/897/788 791/863/834 
s 137
f 740/834/782 746/897/788 790/862/833 
s 138
f 790/862/833 788/839/831 740/834/782 
s 139
f 788/839/831 786/840/829 740/834/782 
s 140
f 730/824/772 789/861/832 728/822/769 
s 141
f 736/859/778 787/860/830 734/896/776 
s 142
f 732/826/774 734/896/776 787/860/830 
s 143
f 732/826/774 787/860/830 730/824/772 
s 144
f 786/840/829 736/859/778 738/873/780 
s 145
f 730/824/772 787/860/830 789/861/832 
s 146
f 729/823/771 779/857/821 731/825/773 
s 147
f 816/898/860 817/821/861 758/823/800 
s 148
f 758/823/800 817/821/861 728/822/769 
s 149
f 726/820/767 728/822/769 817/821/861 
s 150
f 729/823/771 727/821/770 818/898/862 
s 151
f 819/899/863 814/887/857 813/888/856 
s 152
f 819/899/863 813/888/856 812/887/855 
s 153
f 759/841/801 809/900/852 760/842/802 
s 154
f 740/834/782 786/840/829 738/832/780 
# 0 polygons - 154 triangles

#
# object BRL_L00_LHAND_01
#

v  75.3285 45.4715 -6.2901
v  72.8567 41.7117 -6.2679
v  67.2858 43.3071 -5.0356
v  69.8430 40.5753 -5.8738
v  67.2767 39.9850 -5.0736
v  69.8442 38.6764 -3.2630
v  67.2785 38.1464 -0.9015
v  69.8540 38.2135 -0.6811
v  69.8557 36.9886 3.0659
v  71.2643 37.5754 5.9200
v  70.8092 38.5249 8.0062
v  75.1771 42.6352 -6.2331
v  76.3327 42.7954 -3.5947
v  73.1882 41.8613 -0.6743
v  77.1031 42.8206 -1.0950
v  77.1473 43.0210 1.7398
v  79.1244 39.1645 7.1769
v  77.9307 38.9289 5.7180
v  75.1176 40.0152 6.1887
v  77.5376 36.8376 6.5056
v  74.6053 37.2239 6.5894
v  78.7743 37.1277 7.7493
v  74.9349 38.1518 9.1425
v  71.2522 42.4877 5.9481
v  75.2484 40.8989 8.4769
v  73.4133 40.2211 5.3580
v  76.1599 45.9047 -3.9589
v  77.1153 46.3246 -1.0424
v  80.5510 43.2177 -3.3623
v  81.1258 43.8011 -1.0235
v  82.6681 36.9902 -3.0005
v  83.1341 37.2438 -0.8114
v  77.2420 46.4536 1.7743
v  82.1224 44.5903 -0.7983
v  81.8980 44.7092 1.6402
v  86.2124 38.9444 -0.6361
v  86.1577 38.8674 1.7021
v  76.7440 43.0248 4.6938
v  76.9022 46.0299 4.5647
v  67.2895 43.3071 4.5321
v  67.2895 39.5221 4.5321
v  78.1920 38.1950 -3.2510
v  78.3339 41.3730 -3.4380
v  77.8591 38.0697 -4.9055
v  77.5003 41.1177 -5.9602
v  79.8340 37.7413 -5.1325
v  79.4411 42.2997 -5.7892
v  79.1348 41.8173 -0.9840
v  79.5562 42.0708 1.6387
v  80.1993 37.8933 -3.2773
v  79.7102 42.7483 -3.8582
v  67.2876 44.8766 -0.8635
v  85.3105 41.9703 2.7714
v  85.0611 41.8878 4.9808
v  83.1353 41.0785 4.8174
v  83.3526 41.1282 2.6779
v  64.8172 42.7898 -2.6189
v  64.8172 39.8344 2.6146
v  80.4931 43.5385 2.1808
v  64.8172 39.8344 -2.6189
v  80.9794 45.9359 4.7833
v  64.8172 42.7898 2.6146
v  80.3545 43.3883 4.8728
v  81.2497 45.9420 2.3203
v  84.4396 38.0628 1.5474
v  84.5111 38.1049 -0.5114
v  80.7363 36.9101 -2.6935
v  81.1180 36.9915 -0.7235
# 68 vertices

vn 0.1025 0.6705 -0.7348
vn 0.2080 -0.5456 -0.8118
vn -0.4755 0.4812 -0.7365
vn -0.2197 0.0923 -0.9712
vn -0.4059 -0.4890 -0.7721
vn 0.0026 -0.8087 -0.5882
vn 0.2898 -0.9010 -0.3228
vn -0.3075 -0.9412 -0.1400
vn 0.4060 -0.8852 -0.2270
vn 0.0496 -0.9987 0.0087
vn 0.7162 -0.6632 -0.2171
vn 0.1032 -0.9946 0.0114
vn -0.4552 -0.3414 0.8223
vn 0.0726 -0.5823 -0.8097
vn -0.1738 -0.9776 0.1190
vn 0.5227 -0.8454 -0.1098
vn -0.1633 -0.9815 0.0999
vn 0.2018 -0.9744 0.0987
vn 0.9132 0.4020 0.0674
vn 0.3627 0.2126 -0.9073
vn 0.2515 0.5097 -0.8228
vn 0.1711 -0.8508 -0.4968
vn -0.0674 -0.8831 -0.4643
vn 0.7282 -0.5892 0.3501
vn -0.0278 -0.3952 0.9182
vn -0.0578 0.5247 0.8493
vn 0.2299 0.8003 0.5538
vn 0.8826 -0.3376 -0.3271
vn 0.2295 0.9399 -0.2528
vn 0.1736 0.9693 -0.1741
vn 0.6472 0.4542 -0.6122
vn 0.4471 0.3461 -0.8248
vn 0.5822 -0.5572 -0.5921
vn 0.7600 -0.4034 0.5096
vn 0.0573 0.9983 0.0050
vn 0.5158 0.6294 -0.5812
vn 0.5537 0.7418 0.3784
vn 0.8026 -0.1990 -0.5624
vn 0.8667 -0.2494 0.4320
vn 0.3601 -0.5441 0.7578
vn -0.0568 0.7183 0.6934
vn -0.4788 0.5739 0.6644
vn -0.6695 -0.4622 0.5815
vn -0.5497 -0.4654 0.6937
vn -0.7126 -0.5889 0.3813
vn -0.7100 -0.6252 -0.3242
vn -0.4791 -0.4656 -0.7441
vn 0.4904 -0.6899 -0.5325
vn 0.6782 0.2538 -0.6896
vn -0.5963 -0.7362 0.3199
vn -0.3708 -0.6580 0.6554
vn 0.6331 -0.5331 0.5612
vn 0.6540 0.3186 -0.6861
vn 0.2223 -0.7884 -0.5736
vn -0.3929 0.9189 -0.0358
vn 0.8627 -0.1441 -0.4847
vn 0.7669 -0.1811 0.6157
vn -0.1574 -0.8192 0.5515
vn -0.0610 -0.7972 -0.6007
vn -0.7082 0.5387 -0.4563
vn -0.3868 -0.9073 0.1648
vn -0.0210 -0.5534 -0.8327
vn -0.6267 -0.6166 -0.4764
vn 0.2777 0.7030 0.6547
vn -0.6325 0.5718 0.5225
vn -0.2069 -0.5651 0.7986
vn 0.4143 0.6912 -0.5921
vn -0.0977 -0.8192 0.5652
vn -0.0563 -0.8167 -0.5744
vn -0.4753 -0.7726 -0.4210
vn -0.3159 -0.6747 0.6671
vn -0.0069 0.0056 1.0000
vn -0.6129 0.0000 0.7902
# 73 vertex normals

vt 0.9219 -0.0469 0.0000
vt 0.8499 -0.1172 0.0000
vt 0.9219 -0.2578 0.0000
vt 0.8499 -0.2109 0.0000
vt 0.8499 -0.2813 0.0000
vt 0.8047 -0.2109 0.0000
vt 0.7188 -0.2813 0.0000
vt 0.7188 -0.2578 0.0000
vt 0.6608 -0.2228 0.0000
vt 0.6328 -0.1641 0.0000
vt 0.5860 -0.1641 0.0000
vt 0.8499 -0.0469 0.0000
vt 0.7891 -0.0234 0.0000
vt 0.7422 -0.1250 0.0000
vt 0.7578 -0.0234 0.0000
vt 0.7422 -0.0234 0.0000
vt 0.8334 -0.6496 0.0000
vt 0.8057 -0.6554 0.0000
vt 0.8057 -0.7777 0.0000
vt 0.7596 -0.6554 0.0000
vt 0.7596 -0.7777 0.0000
vt 0.7319 -0.6183 0.0000
vt 0.7163 -0.7826 0.0000
vt 0.8334 -0.9001 0.0000
vt 0.8334 -0.7748 0.0000
vt 0.8057 -0.9001 0.0000
vt 0.8047 -0.7969 0.0000
vt 0.7578 -0.9141 0.0000
vt 0.7578 -0.7735 0.0000
vt 0.7319 -0.7748 0.0000
vt 0.7266 -0.9922 0.0000
vt 0.6485 -0.9922 0.0000
vt 0.7266 -0.8594 0.0000
vt 0.6485 -0.8594 0.0000
vt 0.7266 -0.6641 0.0000
vt 0.6485 -0.6641 0.0000
vt 0.8750 -0.5860 0.0000
vt 0.9344 -0.6496 0.0000
vt 0.9405 -0.8059 0.0000
vt 0.8918 -0.6496 0.0000
vt 0.8912 -0.8059 0.0000
vt 0.8498 -0.6340 0.0000
vt 0.8498 -0.8059 0.0000
vt 0.9394 -0.9898 0.0000
vt 0.9394 -0.8606 0.0000
vt 0.8907 -0.9898 0.0000
vt 0.8912 -0.8606 0.0000
vt 0.8257 -0.9898 0.0000
vt 0.8263 -0.8606 0.0000
vt 0.8492 -0.9898 0.0000
vt 0.8498 -0.7903 0.0000
vt 0.8912 -0.8293 0.0000
vt 0.9405 -0.9898 0.0000
vt 0.9405 -0.8293 0.0000
vt 0.6163 -0.2802 0.0000
vt 0.7596 -0.6476 0.0000
vt 0.8057 -0.6476 0.0000
vt 0.6493 -0.6476 0.0000
vt 0.7243 -0.6476 0.0000
vt 0.9339 -0.3368 0.0000
vt 0.8624 -0.3212 0.0000
vt 0.7823 -0.6219 0.0000
vt 0.6443 -0.6496 0.0000
vt 0.7293 -0.6496 0.0000
vt 0.7596 -0.6497 0.0000
vt 0.8057 -0.6497 0.0000
vt 0.8380 -0.6497 0.0000
vt 0.8760 -0.5873 0.0000
vt 0.6699 -0.2924 0.0000
vt 0.7319 -0.9001 0.0000
vt 0.7642 -0.9894 0.0000
vt 0.8057 -0.9894 0.0000
vt 0.8057 -0.8185 0.0000
vt 0.6406 -0.8282 0.0000
vt 0.6406 -0.9297 0.0000
vt 0.7422 -0.9453 0.0000
vt 0.8057 -0.8200 0.0000
vt 0.8380 -0.9894 0.0000
vt 0.9219 -0.2891 0.0000
vt 0.8499 -0.2810 0.0000
vt 0.8501 -0.2891 0.0000
vt 0.6719 -0.0234 0.0000
vt 0.6641 -0.1250 0.0000
vt 0.7266 -0.8516 0.0000
vt 0.7644 -0.8443 0.0000
vt 0.7642 -0.6575 0.0000
vt 0.7241 -0.6184 0.0000
vt 0.8376 -0.8456 0.0000
vt 0.8380 -0.6575 0.0000
vt 0.8057 -0.6575 0.0000
vt 0.7241 -0.7873 0.0000
vt 0.7241 -0.9894 0.0000
vt 0.8751 -0.5871 0.0000
vt 0.9829 -0.8360 0.0000
vt 0.9459 -0.8360 0.0000
vt 0.9427 -0.9898 0.0000
vt 0.4063 -0.6328 0.0000
vt 0.4688 -0.6328 0.0000
vt 0.4688 -0.6797 0.0000
vt 0.9532 -0.6328 0.0000
vt 0.9532 -0.8360 0.0000
vt 0.7378 -0.6762 0.0000
vt 0.7384 -0.9553 0.0000
vt 0.7295 -0.9553 0.0000
vt 0.8912 -0.8528 0.0000
vt 0.8907 -0.6406 0.0000
vt 0.8263 -0.6184 0.0000
vt 0.9315 -0.6418 0.0000
vt 0.6328 -0.8125 0.0000
vt 0.7344 -0.7969 0.0000
vt 0.6485 -0.8516 0.0000
vt 0.7642 -0.8185 0.0000
vt 0.7246 -0.8443 0.0000
vt 0.6220 -0.3281 0.0000
vt 0.6336 -0.6219 0.0000
vt 0.7774 -0.3212 0.0000
vt 0.7032 -0.3239 0.0000
vt 0.8438 -0.8594 0.0000
vt 0.8907 -0.8047 0.0000
vt 0.8907 -0.6563 0.0000
vt 0.8516 -0.8750 0.0000
vt 0.8907 -0.8282 0.0000
vt 0.9339 -0.6219 0.0000
vt 0.7422 -0.8203 0.0000
vt 0.8056 -0.8443 0.0000
vt 0.9868 -0.9892 0.0000
vt 0.8380 -0.8200 0.0000
vt 0.8056 -0.8456 0.0000
vt 0.8516 -0.6563 0.0000
vt 0.8438 -0.5938 0.0000
vt 0.8907 -0.8516 0.0000
vt 0.9817 -0.6340 0.0000
vt 0.8263 -0.8528 0.0000
# 133 texture coords

g BRL_L00_LHAND_01
usemtl Material__37
s 1
f 820/901/864 821/902/865 822/903/866 
s 2
f 821/902/865 823/904/867 822/903/866 
s 3
f 822/903/866 823/904/867 824/905/868 
s 4
f 823/904/869 825/906/870 824/905/868 
s 5
f 824/905/868 825/906/870 826/907/871 
s 6
f 825/906/870 827/908/872 826/907/871 
s 7
f 826/907/871 827/908/872 828/909/873 
s 8
f 827/908/874 829/910/875 828/909/873 
s 9
f 828/909/873 829/910/875 830/911/876 
s 10
f 820/901/864 831/912/877 821/902/865 
s 11
f 831/912/877 832/913/878 821/902/865 
s 12
f 821/902/865 832/913/878 833/914/879 
s 13
f 832/913/878 834/915/880 833/914/879 
s 14
f 833/914/879 834/915/880 835/916/881 
s 15
f 836/917/882 837/918/883 838/919/884 
s 16
f 837/918/883 839/920/885 838/919/884 
s 17
f 838/919/884 839/920/885 840/921/886 
s 18
f 839/920/885 841/922/887 840/921/886 
s 19
f 840/921/886 841/922/887 842/923/888 
s 20
f 843/924/889 844/925/890 845/926/891 
s 21
f 844/925/890 838/927/884 845/926/891 
s 22
f 845/926/891 838/927/884 829/928/875 
s 23
f 838/927/884 840/929/886 829/928/875 
s 24
f 829/928/875 840/929/886 842/930/888 
s 25
f 846/931/892 847/932/893 848/933/894 
s 26
f 847/932/893 849/934/895 848/933/894 
s 27
f 848/933/894 849/934/895 850/935/896 
s 28
f 849/934/895 851/936/897 850/935/896 
s 29
f 847/931/893 852/932/898 853/933/899 
s 30
f 852/932/898 854/934/900 853/933/899 
s 31
f 853/933/899 854/934/900 855/935/901 
s 32
f 854/934/900 856/936/902 855/935/901 
s 33
f 857/937/903 858/937/904 843/937/889 
s 34
f 858/937/904 859/937/905 843/937/889 
s 35
f 843/937/889 859/937/905 830/937/876 
s 36
f 859/937/905 860/937/906 830/937/876 
s 37
f 861/938/907 862/939/908 863/940/909 
s 38
f 862/939/908 864/941/910 863/940/909 
s 39
f 863/940/909 864/941/910 865/942/911 
s 40
f 864/941/910 866/943/912 865/942/911 
s 41
f 834/944/880 867/945/913 835/946/881 
s 42
f 867/945/913 868/947/914 835/946/881 
s 43
f 835/946/881 868/947/914 852/948/898 
s 44
f 868/947/914 854/949/900 852/948/898 
s 45
f 869/936/915 865/935/911 870/934/916 
s 46
f 865/935/911 866/933/912 870/934/916 
s 47
f 870/934/916 866/933/912 846/932/892 
s 48
f 866/933/912 820/931/864 846/932/892 
s 49
f 820/950/864 866/951/912 831/946/877 
s 50
f 866/951/912 864/952/910 831/946/877 
s 51
f 831/946/877 864/952/910 832/953/878 
s 52
f 864/952/910 862/954/908 832/953/878 
s 53
f 829/910/875 827/908/872 833/914/879 
s 54
f 827/908/872 825/906/870 833/914/879 
s 55
f 833/914/879 825/906/870 821/902/865 
s 56
f 825/906/870 823/904/917 821/902/865 
s 57
f 828/909/873 830/911/876 860/955/906 
s 58
f 839/956/885 837/957/883 836/917/882 
s 59
f 836/958/882 841/959/887 839/956/885 
s 60
f 858/960/904 852/961/898 871/962/918 
s 61
f 872/963/919 873/964/920 874/965/921 
s 62
f 874/965/921 875/966/922 872/967/919 
s 63
f 871/937/918 822/937/866 876/968/923 
s 64
f 826/907/871 860/955/906 877/969/924 
s 65
f 828/909/873 860/955/906 826/907/871 
s 66
f 842/930/888 830/970/876 829/928/875 
s 67
f 857/971/903 835/972/881 878/973/925 
s 68
f 830/974/876 842/975/888 844/976/890 
s 69
f 878/977/925 835/972/881 852/978/898 
s 70
f 876/979/923 822/903/866 824/980/868 
s 71
f 879/981/926 824/905/868 826/907/871 
s 72
f 835/916/881 857/982/903 845/983/891 
s 73
f 880/984/927 873/935/920 872/936/919 
s 74
f 833/914/879 845/983/891 829/910/875 
s 75
f 860/937/906 859/968/905 881/968/928 
s 76
f 882/985/929 874/986/921 873/987/920 
s 77
f 881/937/928 859/937/905 871/968/918 
s 78
f 883/988/930 872/989/919 875/990/922 
s 79
f 845/983/891 833/914/879 835/916/881 
s 80
f 826/907/871 877/969/924 879/981/926 
s 81
f 875/990/922 874/986/921 882/985/929 
s 82
f 880/991/927 858/992/904 857/971/903 
s 83
f 852/932/898 858/931/904 880/984/927 
s 84
f 863/937/909 865/937/911 869/993/915 
s 85
f 856/937/902 884/937/931 885/937/932 
s 86
f 886/937/933 850/937/896 851/937/897 
s 87
f 862/994/908 867/995/913 834/996/880 
s 88
f 853/997/899 849/998/895 847/999/893 
s 89
f 871/937/918 876/937/923 881/968/928 
s 90
f 887/1000/934 867/1001/913 862/994/908 
s 91
f 850/1002/896 870/1003/916 848/1004/894 
s 92
f 868/1005/914 884/1006/931 856/1007/902 
s 93
f 867/945/913 885/1008/932 884/1006/931 
s 94
f 855/937/901 849/937/895 853/937/899 
s 95
f 841/935/887 836/936/882 844/1009/890 
s 96
f 844/1009/890 842/1010/888 841/935/887 
s 97
f 838/919/884 844/925/890 836/917/882 
s 98
f 880/984/927 883/1011/930 852/932/898 
s 99
f 857/971/903 882/1012/929 880/991/927 
s 100
f 873/987/920 880/1013/927 882/985/929 
s 101
f 820/1014/864 822/1015/866 871/962/918 
s 102
f 871/962/918 852/961/898 847/1016/893 
s 103
f 871/962/918 847/1016/893 846/1017/892 
s 104
f 870/937/916 850/937/896 886/937/933 
s 105
f 870/1018/916 862/1019/908 861/1020/907 
s 106
f 849/1021/895 867/1022/913 887/1020/934 
s 107
f 849/937/895 855/937/901 885/937/932 
s 108
f 871/962/918 859/1023/905 858/960/904 
s 109
f 871/962/918 846/1017/892 820/1014/864 
s 110
f 872/936/919 883/1011/930 880/984/927 
s 111
f 885/937/932 855/937/901 856/937/902 
s 112
f 851/937/897 887/937/934 886/937/933 
s 113
f 869/937/915 861/937/907 863/937/909 
s 114
f 843/937/889 845/937/891 857/937/903 
s 115
f 844/976/890 843/1024/889 830/974/876 
s 116
f 882/985/929 878/1025/925 875/990/922 
s 117
f 878/973/925 882/1012/929 857/971/903 
s 118
f 834/996/880 832/1026/878 862/994/908 
s 119
f 852/978/898 883/1027/930 878/977/925 
s 120
f 875/990/922 878/1028/925 883/988/930 
s 121
f 885/937/932 867/937/913 849/937/895 
s 122
f 886/937/933 862/937/908 870/937/916 
s 123
f 887/1020/934 851/1029/897 849/1021/895 
s 124
f 861/1020/907 869/1030/915 870/1018/916 
s 125
f 848/997/894 870/998/916 846/999/892 
s 126
f 884/1006/931 868/1031/914 867/945/913 
s 127
f 862/994/908 886/1032/933 887/1000/934 
s 128
f 856/1007/935 854/1033/935 868/1005/935 
s 129
f 824/980/868 879/981/926 876/979/923 
s 130
f 881/968/928 877/937/936 860/937/906 
# 0 polygons - 130 triangles

#
# object XBRL_LCALF_01
#

v  -0.9026 -36.4817 6.5633
v  -2.0453 -33.7589 -7.8512
v  2.4577 -42.1719 3.5781
v  -1.0680 -39.5720 -8.1753
v  8.3002 -41.5101 -8.6808
v  9.0343 -36.4482 -14.1393
v  15.0370 -41.7980 -5.5169
v  19.8779 -33.7589 -7.8653
v  15.0729 -41.6776 2.6231
v  18.9768 -37.9411 5.5648
v  8.3297 -41.2846 5.7315
v  18.1996 -31.3514 3.7869
v  8.1663 -30.1440 8.8211
v  15.5158 -41.2745 3.9130
v  13.4345 -55.2263 2.6523
v  15.5158 -41.2745 -6.2423
v  13.4345 -55.2263 -4.9854
v  8.2550 -41.2745 -9.1244
v  8.2550 -55.2263 -7.4537
v  1.5275 -41.2745 -6.2423
v  3.1112 -55.2263 -4.9854
v  1.5275 -41.2745 3.9130
v  3.1112 -55.2263 2.6523
v  8.2549 -55.2263 5.2013
v  -0.0212 -32.1773 -7.7091
v  8.9526 -32.5533 -12.0014
v  -1.5957 -30.0627 -8.3262
v  9.0788 -28.2425 -12.9912
v  8.2549 -38.2114 7.6985
v  18.1528 -30.0899 -8.2523
v  17.0730 -32.1909 -7.7303
# 31 vertices

vn -0.7558 -0.5926 0.2788
vn -0.8155 0.0194 -0.5785
vn -0.5930 -0.6996 0.3985
vn -0.7396 -0.5474 -0.3915
vn -0.0067 -0.8247 -0.5656
vn 0.0505 -0.1330 -0.9898
vn 0.7012 -0.6057 -0.3760
vn 0.8256 -0.2044 -0.5260
vn 0.5919 -0.7570 0.2768
vn 0.6855 -0.2624 0.6792
vn 0.1275 -0.3757 0.9179
vn 0.7159 0.0907 0.6923
vn 0.4126 -0.2378 0.8793
vn 0.7935 -0.1656 0.5856
vn 0.8360 -0.1718 0.5212
vn 0.8167 -0.1715 -0.5510
vn 0.8282 -0.1569 -0.5380
vn 0.3811 -0.1301 -0.9153
vn 0.0054 -0.1273 -0.9918
vn -0.3914 -0.1094 -0.9137
vn -0.8276 -0.1352 -0.5449
vn -0.8407 -0.1425 -0.5224
vn -0.7998 -0.1435 0.5829
vn -0.8442 -0.1425 0.5168
vn -0.0061 -0.1507 0.9886
vn -0.4187 0.0201 -0.9079
vn 0.0056 0.1487 -0.9889
vn -0.3856 -0.4232 -0.8199
vn 0.0315 -0.2245 -0.9740
vn -0.0098 -0.1452 0.9894
vn 0.4174 -0.2149 -0.8830
vn 0.4367 -0.4219 -0.7945
vn 0.4481 0.2076 -0.8695
# 33 vertex normals

vt 0.9890 -0.5804 0.0000
vt 0.9127 -0.5294 0.0000
vt 0.9845 -0.6504 0.0000
vt 0.9127 -0.6092 0.0000
vt 0.8427 -0.6504 0.0000
vt 0.8355 -0.5642 0.0000
vt 0.7477 -0.6504 0.0000
vt 0.7584 -0.5346 0.0000
vt 0.6865 -0.6504 0.0000
vt 0.6937 -0.6092 0.0000
vt 0.6255 -0.6504 0.0000
vt 0.6991 -0.5532 0.0000
vt 0.6285 -0.5372 0.0000
vt 0.6087 -0.6927 0.0000
vt 0.6087 -0.8529 0.0000
vt 0.5502 -0.6927 0.0000
vt 0.5502 -0.8529 0.0000
vt 0.4906 -0.6927 0.0000
vt 0.4906 -0.8529 0.0000
vt 0.6743 -0.8529 0.0000
vt 0.9098 -0.5032 0.0000
vt 0.8355 -0.5063 0.0000
vt 0.9084 -0.4888 0.0000
vt 0.8355 -0.4754 0.0000
vt 0.6743 -0.6624 0.0000
vt 0.7400 -0.6927 0.0000
vt 0.7400 -0.8529 0.0000
vt 0.5472 -0.6005 0.0000
vt 0.5609 -0.6504 0.0000
vt 0.7584 -0.4831 0.0000
vt 0.7584 -0.5024 0.0000
# 31 texture coords

g XBRL_LCALF_01
usemtl Material__31
s 1
f 888/1034/937 889/1035/938 890/1036/939 
s 2
f 889/1035/938 891/1037/940 890/1036/939 
s 3
f 890/1036/939 891/1037/940 892/1038/941 
s 4
f 891/1037/940 893/1039/942 892/1038/941 
s 5
f 892/1038/941 893/1039/942 894/1040/943 
s 6
f 893/1039/942 895/1041/944 894/1040/943 
s 7
f 894/1040/943 895/1041/944 896/1042/945 
s 8
f 895/1041/944 897/1043/946 896/1042/945 
s 9
f 896/1042/945 897/1043/946 898/1044/947 
s 10
f 897/1043/946 899/1045/948 898/1044/947 
s 11
f 898/1044/947 899/1045/948 900/1046/949 
s 12
f 901/1047/950 902/1048/951 903/1049/952 
s 13
f 902/1048/951 904/1050/953 903/1049/952 
s 14
f 903/1049/952 904/1050/953 905/1051/954 
s 15
f 904/1050/953 906/1052/955 905/1051/954 
s 16
f 905/1051/956 906/1052/955 907/1049/957 
s 17
f 906/1052/955 908/1050/958 907/1049/957 
s 18
f 907/1049/957 908/1050/958 909/1047/959 
s 19
f 908/1050/958 910/1048/960 909/1047/959 
s 20
f 909/1047/959 910/1048/960 911/1053/961 
s 21
f 891/1037/940 889/1035/938 893/1039/942 
s 22
f 889/1035/938 912/1054/962 893/1039/942 
s 23
f 893/1039/942 912/1054/962 913/1055/963 
s 24
f 912/1054/962 914/1056/964 913/1055/963 
s 25
f 913/1055/963 914/1056/964 915/1057/965 
s 26
f 916/1058/966 909/1047/959 911/1053/961 
s 27
f 916/1058/966 911/1053/961 901/1059/950 
s 28
f 902/1060/951 901/1059/950 911/1053/961 
s 29
f 888/1061/937 890/1062/939 898/1044/947 
s 30
f 895/1041/944 899/1045/948 897/1043/946 
s 31
f 913/1055/963 915/1057/965 917/1063/967 
s 32
f 917/1063/968 918/1064/969 913/1055/963 
s 33
f 895/1041/944 893/1039/942 913/1055/963 
s 34
f 895/1041/944 913/1055/963 918/1064/969 
# 0 polygons - 34 triangles

